,Damage_x,Damage_y,Damage_x,Damage_y,Damage_x,Damage_y,Damage_x,Damage_y,Damage_x,Damage_y,Damage_x,Damage_y,Damage_x,Damage_y,Damage_x,Damage_y,Damage_x,Damage_y,Damage_x,Damage_y,Damage_x,Damage_y,Damage_x,Damage_y,Damage_x,Damage_y,Damage_x,Damage_y,Damage_x,Damage_y,Damage_x,Damage_y,Damage_x,Damage_y,Damage_x,Damage_y,Damage_x,Damage_y,Damage_x,Damage_y,Damage_x,Damage_y,Damage_x,Damage_y,Damage_x,Damage_y,Damage_x,Damage_y,Damage_x,Damage_y,Damage_x,Damage_y,Damage_x,Damage_y,Damage_x,Damage_y,Damage_x,Damage_y,Damage_x,Damage_y,Damage_x,Damage_y,Damage_x,Damage_y,Damage_x,Damage_y,Damage_x,Damage_y,Damage_x,Damage_y,Damage_x,Damage_y,Damage_x,Damage_y,Damage_x,Damage_y,Damage_x,Damage_y,Damage_x,Damage_y,Damage_x,Damage_y,Damage_x,Damage_y,Damage_x,Damage_y,Damage_x,Damage_y,Damage_x,Damage_y,Damage_x,Damage_y,Damage_x,Damage_y,Damage_x,Damage_y,Damage_x,Damage_y,Damage_x,Damage_y
0,0.0,0.0,0.0,0.0,0.0,0.0,0.0,0.0,0.0,0.0,0.0,0.0,0.0,0.0,0.0,0.0,0.0,0.0,0.0,0.0,0.0,0.0,0.0,0.0,0.0,0.0,0.0,0.0,0.0,0.0,0.0,0.0,0.0,0,0.0,0.0,0.0,0.0,0.0,0.0,0.0,0.0,0.0,0.0,0.0,0.0,0.0,0.0,0.0,0.0,0.0,0.0,0.0,0.0,0.0,0.0,0.0,0.0,0.0,0.0,0.0,0.0,0.0,0.0,0.0,0.0,0.0,0.0,0.0,0.0,0.0,0.0,0.0,0.0,0.0,0.0,0.0,0.0,0.0,0.0,0.0,0.0,0.0,0.0,0.0,0.0,0.0,0.0,0.0,0.0,0.0,0.0,0.0,0.0,0.0,0.0,0.0,0.0,0.0,0.0
1,0.0,0.0,0.0,0.0,0.0,160.0,277.0,0.0,0.0,0.0,0.0,0.0,0.0,0.0,0.0,0.0,0.0,0.0,0.0,0.0,0.0,0.0,0.0,0.0,0.0,0.0,0.0,0.0,0.0,0.0,0.0,0.0,0.0,0,0.0,0.0,0.0,0.0,0.0,0.0,0.0,0.0,0.0,0.0,0.0,452.0,0.0,0.0,0.0,0.0,0.0,0.0,0.0,65.0,0.0,0.0,0.0,0.0,0.0,0.0,0.0,0.0,0.0,0.0,0.0,0.0,0.0,0.0,0.0,0.0,0.0,0.0,0.0,56.0,0.0,0.0,0.0,0.0,0.0,0.0,0.0,1127.0,0.0,0.0,0.0,0.0,0.0,0.0,0.0,73.0,0.0,0.0,0.0,0.0,0.0,0.0,0.0,0.0,50.0,0.0
2,0.0,53.0,58.0,0.0,58.0,479.0,494.0,0.0,0.0,0.0,57.0,0.0,102.0,0.0,0.0,173.0,199.0,59.0,57.0,413.0,62.0,166.0,0.0,0.0,375.0,0.0,0.0,6.0,0.0,0.0,106.0,0.0,0.0,0,90.0,519.0,67.0,0.0,0.0,0.0,0.0,0.0,0.0,479.0,83.0,452.0,0.0,0.0,188.0,218.0,228.0,0.0,67.0,65.0,365.0,0.0,0.0,0.0,185.0,0.0,188.0,0.0,0.0,0.0,0.0,0.0,53.0,0.0,0.0,0.0,0.0,0.0,0.0,56.0,0.0,0.0,0.0,184.0,62.0,0.0,0.0,2014.0,0.0,0.0,75.0,0.0,56.0,57.0,108.0,73.0,122.0,61.0,121.0,0.0,0.0,61.0,140.0,124.0,125.0,0.0
3,213.0,127.0,662.0,655.0,873.0,705.0,1182.0,53.0,152.0,0.0,536.0,497.0,527.0,0.0,686.0,626.0,541.0,258.0,1001.0,413.0,427.0,289.0,0.0,326.0,1030.0,106.0,0.0,11.0,0.0,611.0,469.0,347.0,288.0,163,603.0,663.0,67.0,0.0,0.0,0.0,121.0,542.0,677.0,896.0,869.0,643.0,0.0,809.0,557.0,352.0,290.0,241.0,662.0,366.0,365.0,588.0,0.0,551.0,185.0,146.0,791.0,63.0,0.0,663.0,675.0,214.0,146.0,0.0,71.0,119.0,147.0,0.0,0.0,598.0,157.0,288.0,0.0,745.0,448.0,0.0,216.0,3207.0,62.0,348.0,295.0,212.0,794.0,521.0,354.0,504.0,504.0,61.0,919.0,300.0,664.0,214.0,536.0,358.0,471.0,197.0
4,648.0,743.0,662.0,714.0,973.0,1288.0,1182.0,294.0,256.0,96.0,1498.0,768.0,1038.0,500.0,1193.0,776.0,541.0,606.0,1001.0,966.0,785.0,842.0,470.0,571.0,1030.0,731.0,283.0,463.0,624.0,1320.0,582.0,756.0,527.0,452,911.0,1168.0,515.0,597.0,0.0,248.0,249.0,1280.0,876.0,896.0,1007.0,1141.0,355.0,809.0,802.0,687.0,417.0,241.0,662.0,1242.0,639.0,857.0,73.0,1145.0,447.0,146.0,1165.0,747.0,872.0,1063.0,675.0,886.0,198.0,82.0,71.0,766.0,373.0,399.0,499.0,598.0,606.0,830.0,488.0,1290.0,539.0,431.0,216.0,4428.0,527.0,557.0,413.0,730.0,794.0,814.0,672.0,825.0,698.0,853.0,919.0,1356.0,1039.0,214.0,1333.0,358.0,1214.0,384.0
5,776.0,1206.0,935.0,1411.0,1129.0,1288.0,1489.0,294.0,689.0,96.0,1498.0,1062.0,1146.0,500.0,1193.0,998.0,693.0,1172.0,1924.0,1448.0,785.0,1392.0,470.0,1101.0,1580.0,921.0,283.0,722.0,780.0,1320.0,1278.0,776.0,527.0,939,964.0,1522.0,728.0,597.0,0.0,336.0,1146.0,2140.0,2210.0,1282.0,1285.0,2042.0,785.0,1464.0,880.0,838.0,1065.0,383.0,1279.0,1694.0,639.0,1399.0,186.0,1145.0,492.0,287.0,2062.0,1119.0,872.0,2115.0,1409.0,886.0,562.0,82.0,833.0,766.0,857.0,399.0,499.0,598.0,788.0,917.0,1074.0,2568.0,539.0,431.0,330.0,5183.0,1233.0,557.0,1055.0,1672.0,872.0,891.0,916.0,825.0,698.0,1812.0,1421.0,1921.0,1795.0,214.0,1333.0,,2278.0,1400.0
6,776.0,1206.0,1501.0,1411.0,1316.0,1457.0,2982.0,809.0,689.0,618.0,1578.0,1696.0,2035.0,500.0,1576.0,1227.0,980.0,1172.0,1924.0,2104.0,1832.0,2041.0,1250.0,1101.0,2087.0,1279.0,283.0,1219.0,780.0,1320.0,1278.0,776.0,917.0,1493,1399.0,2676.0,728.0,597.0,0.0,610.0,1238.0,3697.0,2210.0,1282.0,1408.0,2574.0,785.0,1464.0,1318.0,1940.0,1065.0,742.0,2174.0,1694.0,908.0,2423.0,186.0,1313.0,492.0,1528.0,2524.0,1119.0,2151.0,2723.0,1967.0,886.0,562.0,82.0,833.0,766.0,919.0,491.0,499.0,1631.0,1161.0,917.0,1074.0,2630.0,935.0,431.0,330.0,8210.0,1694.0,557.0,1405.0,1672.0,1142.0,1765.0,916.0,995.0,1946.0,1932.0,1421.0,2148.0,1795.0,807.0,1521.0,,3155.0,1782.0
7,1714.0,1206.0,1501.0,2096.0,1316.0,1457.0,3318.0,1644.0,726.0,947.0,2287.0,1696.0,3012.0,1551.0,3309.0,1412.0,1152.0,2481.0,2899.0,2104.0,2735.0,2041.0,2227.0,1265.0,2087.0,1962.0,283.0,1569.0,780.0,2174.0,1535.0,832.0,917.0,1837,1399.0,2676.0,1294.0,597.0,0.0,714.0,1238.0,4520.0,3355.0,2133.0,1765.0,2768.0,1237.0,1859.0,1582.0,2072.0,1161.0,742.0,2978.0,2012.0,1767.0,3374.0,186.0,2241.0,492.0,1528.0,3426.0,1119.0,2256.0,2723.0,2224.0,886.0,1039.0,335.0,1749.0,1469.0,919.0,732.0,907.0,1631.0,1910.0,1574.0,1363.0,3094.0,935.0,431.0,330.0,8478.0,2197.0,557.0,2349.0,2233.0,2309.0,2073.0,2252.0,1313.0,1946.0,2510.0,2147.0,2148.0,2611.0,1290.0,1521.0,,3155.0,2725.0
8,1714.0,1206.0,1501.0,3107.0,2096.0,2099.0,3842.0,1644.0,726.0,947.0,2800.0,2917.0,3012.0,1551.0,4834.0,1974.0,2249.0,2756.0,3284.0,2219.0,2735.0,2213.0,2227.0,1792.0,2922.0,1962.0,283.0,2241.0,2199.0,2174.0,2640.0,832.0,917.0,2520,1962.0,3689.0,1294.0,597.0,600.0,714.0,2462.0,6715.0,4240.0,2308.0,2022.0,4286.0,1499.0,2293.0,2210.0,2888.0,1162.0,2158.0,3044.0,2012.0,2343.0,3374.0,186.0,3045.0,1597.0,2757.0,4011.0,1119.0,2341.0,4701.0,2224.0,1602.0,1039.0,464.0,1749.0,1791.0,2168.0,1005.0,907.0,2132.0,2436.0,1574.0,1673.0,3425.0,1248.0,760.0,1142.0,9610.0,2375.0,755.0,2349.0,2468.0,2309.0,2782.0,2468.0,1313.0,2793.0,2671.0,2147.0,2148.0,2611.0,1290.0,2333.0,,3978.0,3446.0
9,1792.0,1383.0,2572.0,3183.0,2199.0,2099.0,3842.0,1955.0,2419.0,1443.0,3158.0,2917.0,3382.0,2037.0,5107.0,2086.0,2318.0,3415.0,3284.0,2651.0,3563.0,2289.0,2878.0,2842.0,3126.0,2014.0,283.0,2241.0,2304.0,2174.0,3959.0,832.0,917.0,2520,1962.0,4319.0,1294.0,597.0,1126.0,1301.0,2691.0,7971.0,6005.0,2879.0,2087.0,4724.0,1499.0,3868.0,2545.0,2888.0,1359.0,2158.0,3384.0,2824.0,2343.0,4325.0,500.0,3045.0,3397.0,3251.0,5227.0,1803.0,2844.0,4701.0,2700.0,1764.0,1502.0,787.0,2319.0,2825.0,2168.0,2343.0,1280.0,2378.0,3182.0,2245.0,1673.0,4080.0,1248.0,1525.0,1142.0,11980.0,2375.0,755.0,2841.0,3539.0,2986.0,2984.0,3383.0,1846.0,2793.0,3769.0,3188.0,3123.0,3591.0,1570.0,2532.0,,4291.0,3446.0
10,2083.0,1383.0,2806.0,5229.0,2295.0,2099.0,5206.0,2741.0,2419.0,1443.0,3158.0,3842.0,4078.0,2324.0,5107.0,2512.0,2935.0,4340.0,3284.0,4557.0,4569.0,3842.0,3475.0,2842.0,3126.0,2762.0,411.0,3846.0,2675.0,3118.0,5262.0,1424.0,2257.0,3683,2521.0,4319.0,2118.0,597.0,1126.0,1301.0,2691.0,8491.0,6227.0,3278.0,2381.0,5343.0,2203.0,5393.0,2545.0,4571.0,1413.0,2158.0,3839.0,4495.0,3286.0,5815.0,500.0,3625.0,4206.0,3251.0,5988.0,3211.0,2844.0,6005.0,3139.0,1764.0,1502.0,1599.0,3222.0,3524.0,3607.0,2674.0,1280.0,2378.0,3182.0,2245.0,2283.0,4606.0,1323.0,1525.0,1784.0,14351.0,2375.0,1326.0,3288.0,4871.0,2986.0,4125.0,3541.0,3009.0,3981.0,4965.0,3188.0,3123.0,5089.0,2347.0,2981.0,,5502.0,3446.0
11,2527.0,2592.0,3916.0,5229.0,2813.0,2099.0,5647.0,2741.0,2601.0,1845.0,3158.0,4754.0,5234.0,2324.0,5107.0,3064.0,2935.0,4340.0,4498.0,6170.0,5770.0,3842.0,3820.0,3172.0,4436.0,2762.0,411.0,3960.0,3591.0,3118.0,6789.0,2165.0,3353.0,4694,3598.0,5844.0,2118.0,1147.0,1502.0,1301.0,3885.0,8491.0,6519.0,3278.0,2381.0,6844.0,2203.0,5959.0,3197.0,5381.0,2162.0,4000.0,4039.0,4519.0,3286.0,6623.0,1266.0,4815.0,4206.0,3251.0,7642.0,3211.0,5056.0,6195.0,3572.0,2474.0,1502.0,2065.0,3222.0,4278.0,4255.0,2674.0,1995.0,2765.0,4322.0,2796.0,2714.0,5562.0,1459.0,1692.0,1784.0,16250.0,3041.0,2322.0,3849.0,5224.0,3640.0,4570.0,4829.0,3009.0,4698.0,5342.0,3801.0,3703.0,5089.0,2347.0,3992.0,,5866.0,3828.0
12,2527.0,2592.0,5116.0,6630.0,3681.0,2621.0,7448.0,2741.0,3450.0,1845.0,3249.0,5816.0,5234.0,2720.0,7711.0,3064.0,3151.0,4451.0,6426.0,7709.0,7363.0,5339.0,3820.0,3754.0,5087.0,3582.0,2420.0,4310.0,4916.0,3582.0,7866.0,2579.0,3353.0,6177,3896.0,7218.0,2118.0,2241.0,2248.0,1862.0,3885.0,10803.0,6519.0,4768.0,2698.0,6897.0,2637.0,7791.0,3907.0,5381.0,3225.0,4000.0,5900.0,4753.0,4022.0,7150.0,1266.0,5582.0,4206.0,4895.0,8181.0,4487.0,5930.0,8009.0,4650.0,3958.0,1714.0,2359.0,4215.0,4278.0,4255.0,3471.0,1995.0,2765.0,5187.0,3057.0,3159.0,5971.0,1609.0,3087.0,2421.0,21059.0,4163.0,2322.0,4177.0,5809.0,4263.0,5147.0,6446.0,3774.0,5029.0,5342.0,5974.0,4807.0,6378.0,2347.0,4709.0,,6976.0,3828.0
13,3252.0,3038.0,5116.0,6630.0,3681.0,3758.0,7448.0,3579.0,3633.0,2574.0,4244.0,7060.0,7828.0,2720.0,8640.0,3064.0,3801.0,6894.0,6679.0,9864.0,7363.0,6566.0,3820.0,3851.0,5677.0,3917.0,2420.0,5159.0,6316.0,4353.0,9151.0,3159.0,4885.0,7396,4163.0,7218.0,3835.0,2241.0,2903.0,2507.0,3885.0,12165.0,9658.0,5252.0,2978.0,7378.0,2637.0,8140.0,4656.0,6391.0,3317.0,5265.0,6905.0,4753.0,5391.0,8380.0,1266.0,6399.0,5639.0,5500.0,9621.0,4487.0,6723.0,8009.0,4650.0,5032.0,1942.0,2818.0,4595.0,5827.0,5415.0,4526.0,3463.0,2765.0,5421.0,3263.0,4136.0,6398.0,2402.0,4192.0,4751.0,21633.0,5252.0,2976.0,5215.0,7023.0,4263.0,5147.0,7248.0,3774.0,6096.0,6061.0,6630.0,5135.0,6378.0,2791.0,5086.0,,7970.0,4901.0
14,3252.0,3071.0,6643.0,6630.0,4251.0,4125.0,8857.0,3579.0,4665.0,3304.0,5355.0,7301.0,7828.0,4332.0,8640.0,3064.0,5242.0,7384.0,7198.0,10302.0,9581.0,6566.0,4448.0,4439.0,6158.0,3917.0,2420.0,6535.0,6844.0,4353.0,9585.0,3955.0,4885.0,7396,4302.0,10162.0,4818.0,2685.0,3579.0,3577.0,5424.0,14183.0,9658.0,6064.0,3598.0,8009.0,3424.0,10106.0,4656.0,6391.0,3476.0,5265.0,7143.0,5844.0,6065.0,8615.0,1934.0,7087.0,6753.0,6675.0,10016.0,4487.0,8645.0,9291.0,5593.0,5032.0,1942.0,3025.0,4997.0,6432.0,5415.0,5279.0,3775.0,3398.0,5421.0,3263.0,5382.0,6491.0,3548.0,4192.0,4751.0,24895.0,5349.0,3798.0,6468.0,7023.0,5040.0,5147.0,7248.0,4882.0,6356.0,6221.0,7422.0,5257.0,7019.0,3849.0,6705.0,,7970.0,6449.0
15,3861.0,4813.0,6643.0,6630.0,4621.0,5295.0,8857.0,5788.0,6410.0,3304.0,5355.0,8418.0,9098.0,4332.0,10270.0,4851.0,5303.0,8272.0,8080.0,10302.0,9581.0,6566.0,5318.0,7446.0,6158.0,5307.0,4537.0,6535.0,6844.0,5467.0,9585.0,4008.0,5513.0,9805,4960.0,10162.0,4818.0,3513.0,3579.0,3577.0,5605.0,15261.0,9658.0,6177.0,3598.0,8009.0,3809.0,10371.0,4695.0,7268.0,5066.0,6427.0,7426.0,5844.0,7372.0,12136.0,1934.0,9220.0,6753.0,6675.0,11128.0,5186.0,10712.0,9789.0,5729.0,5981.0,2514.0,3025.0,5260.0,6989.0,8006.0,6046.0,3775.0,3398.0,6401.0,3783.0,5813.0,7229.0,3548.0,5266.0,4751.0,26859.0,6686.0,4029.0,7411.0,7023.0,5688.0,5147.0,7448.0,4882.0,6356.0,6221.0,8837.0,7970.0,7501.0,3849.0,6705.0,,9101.0,6449.0
16,4919.0,4813.0,7407.0,7002.0,4621.0,5793.0,11276.0,6472.0,6410.0,5969.0,5355.0,9898.0,9098.0,5186.0,10270.0,5144.0,6206.0,9095.0,8878.0,10302.0,12333.0,6566.0,6719.0,7446.0,6599.0,6742.0,4537.0,6939.0,7423.0,5467.0,9959.0,4008.0,5513.0,9805,5257.0,10311.0,5577.0,3513.0,3579.0,4869.0,6077.0,16264.0,12473.0,6318.0,3598.0,8867.0,3809.0,11520.0,4835.0,8677.0,5362.0,6427.0,8646.0,5844.0,7372.0,14526.0,4105.0,9220.0,8024.0,7077.0,11725.0,6735.0,10881.0,10084.0,6905.0,7338.0,2514.0,3025.0,7096.0,9687.0,8939.0,7482.0,5232.0,4669.0,7235.0,3783.0,7279.0,9797.0,4160.0,7119.0,5733.0,28493.0,6686.0,4991.0,7411.0,7023.0,7952.0,6687.0,7448.0,6256.0,6356.0,6746.0,10234.0,7970.0,8968.0,4995.0,6791.0,,10899.0,7413.0
17,5030.0,4997.0,8892.0,8001.0,5317.0,9517.0,11886.0,7259.0,6600.0,5969.0,5355.0,11551.0,9098.0,6171.0,,5600.0,8202.0,9095.0,10566.0,13712.0,13054.0,8014.0,7051.0,7878.0,7528.0,8320.0,4970.0,6939.0,7423.0,5467.0,9959.0,6230.0,5513.0,11667,7054.0,14246.0,6548.0,3930.0,5222.0,5735.0,6658.0,16264.0,12473.0,7925.0,4086.0,8867.0,4326.0,14219.0,5217.0,8731.0,5362.0,7927.0,8646.0,8288.0,7372.0,15985.0,4105.0,9220.0,8024.0,8174.0,12491.0,11549.0,11960.0,11143.0,7954.0,8626.0,,3548.0,7430.0,9687.0,10487.0,7602.0,6140.0,4669.0,8470.0,5366.0,7279.0,10187.0,5578.0,7546.0,5733.0,32934.0,,5369.0,7411.0,8665.0,7952.0,7882.0,9253.0,6613.0,,8273.0,11544.0,9227.0,10082.0,4995.0,7581.0,,11236.0,7806.0
18,5030.0,5974.0,9132.0,13657.0,5317.0,9517.0,12040.0,8506.0,6600.0,7959.0,6599.0,11551.0,9098.0,6991.0,,5600.0,8946.0,10496.0,14465.0,13712.0,16787.0,8014.0,8251.0,9388.0,7943.0,8320.0,6154.0,6939.0,9016.0,5467.0,10435.0,6230.0,5981.0,11667,7205.0,15835.0,6548.0,,5629.0,6799.0,7901.0,17215.0,12679.0,9598.0,4557.0,10730.0,4920.0,14219.0,5217.0,10107.0,5967.0,7927.0,9610.0,8435.0,9353.0,17840.0,5771.0,10145.0,9095.0,8533.0,12491.0,11549.0,13605.0,13784.0,10664.0,9250.0,,3760.0,10790.0,10700.0,11944.0,8421.0,7081.0,4669.0,8470.0,8335.0,7916.0,11603.0,6684.0,12466.0,7381.0,33650.0,,6745.0,9493.0,9169.0,7952.0,9019.0,10159.0,6846.0,,8663.0,13082.0,9577.0,10082.0,5200.0,8081.0,,12147.0,8303.0
19,5030.0,5974.0,9132.0,13657.0,5317.0,,13487.0,8506.0,7007.0,9028.0,6753.0,11551.0,10589.0,8033.0,,6610.0,9715.0,11404.0,16037.0,15493.0,19849.0,8014.0,8251.0,11210.0,10645.0,9144.0,6375.0,10280.0,9516.0,8334.0,11783.0,7446.0,7367.0,12926,7545.0,20016.0,6548.0,,6098.0,6915.0,7901.0,17414.0,13030.0,10076.0,4557.0,14059.0,4920.0,14219.0,5909.0,10477.0,8202.0,9046.0,9610.0,8435.0,9612.0,18135.0,6121.0,12970.0,9759.0,9443.0,14755.0,11549.0,17009.0,13784.0,11510.0,9250.0,,4121.0,12027.0,10700.0,13275.0,8807.0,8344.0,5928.0,9148.0,10215.0,10058.0,13117.0,6803.0,14944.0,7935.0,36372.0,,8152.0,9493.0,9169.0,7952.0,9019.0,10159.0,7024.0,,8918.0,14936.0,10809.0,10195.0,5200.0,8880.0,,13503.0,8303.0
20,7385.0,9472.0,10041.0,15102.0,5317.0,,15644.0,9282.0,7007.0,9028.0,9233.0,11662.0,10589.0,8481.0,,6610.0,11525.0,11404.0,16638.0,19842.0,21838.0,8425.0,9972.0,11210.0,11076.0,10791.0,7267.0,10280.0,10011.0,9543.0,11783.0,7446.0,7367.0,14332,8205.0,20016.0,8271.0,,6908.0,6915.0,10643.0,19363.0,14498.0,11622.0,4557.0,14059.0,6690.0,15340.0,6581.0,11270.0,9312.0,10025.0,9610.0,10244.0,9612.0,21591.0,8676.0,12970.0,9759.0,10026.0,15192.0,11898.0,21121.0,18900.0,12177.0,9250.0,,4121.0,12184.0,11781.0,13448.0,8936.0,9987.0,7531.0,9731.0,10215.0,10058.0,16093.0,6803.0,14944.0,7935.0,42162.0,,8152.0,11713.0,10107.0,9331.0,10529.0,,7789.0,,11054.0,16189.0,10955.0,11052.0,6586.0,10568.0,,13632.0,10390.0
21,9603.0,9773.0,12522.0,17184.0,5317.0,,15644.0,9282.0,7007.0,15491.0,11387.0,11662.0,10589.0,9486.0,,7233.0,12100.0,13814.0,20175.0,22361.0,21838.0,9885.0,9972.0,13605.0,11076.0,10791.0,7267.0,12132.0,10011.0,10883.0,12411.0,8096.0,8271.0,14332,9806.0,22910.0,9662.0,,7635.0,8330.0,10643.0,19363.0,15808.0,12802.0,,14253.0,7194.0,16289.0,7107.0,11270.0,9805.0,10418.0,10443.0,14123.0,11225.0,22584.0,8784.0,13740.0,13552.0,11636.0,15192.0,17412.0,21706.0,23260.0,12177.0,11976.0,,5052.0,13730.0,13384.0,14517.0,12345.0,9987.0,7531.0,10939.0,12225.0,10940.0,16978.0,7587.0,14944.0,9220.0,49731.0,,10457.0,11713.0,10185.0,9331.0,10662.0,,8759.0,,12066.0,17084.0,15296.0,13420.0,6767.0,10568.0,,,12279.0
22,9603.0,14224.0,12721.0,19312.0,5601.0,,,9282.0,7597.0,15875.0,11387.0,11988.0,11960.0,11808.0,,7623.0,12766.0,15577.0,20378.0,22848.0,27507.0,10232.0,10779.0,13605.0,11076.0,11189.0,7267.0,12947.0,10011.0,17337.0,12411.0,8593.0,8271.0,14332,10060.0,,11768.0,,7764.0,8747.0,12719.0,19716.0,15808.0,13102.0,,18902.0,7344.0,17298.0,8565.0,,9805.0,13186.0,10696.0,15556.0,12202.0,28778.0,8784.0,17914.0,13552.0,11636.0,16700.0,17412.0,24752.0,24723.0,14248.0,13908.0,,5342.0,14392.0,16019.0,17559.0,12345.0,11006.0,11497.0,10939.0,13550.0,11696.0,21933.0,7587.0,17485.0,11104.0,50388.0,,10457.0,11713.0,10185.0,9331.0,10662.0,,9323.0,,12066.0,21798.0,16384.0,15600.0,,10713.0,,,16576.0
23,9603.0,14224.0,12721.0,20122.0,5601.0,,,10384.0,7597.0,19731.0,12724.0,14010.0,11960.0,12536.0,,9864.0,16220.0,15577.0,21467.0,23699.0,27507.0,11147.0,10779.0,14494.0,12995.0,11368.0,10597.0,13601.0,10973.0,18824.0,12857.0,10829.0,8271.0,14332,10899.0,,13309.0,,7764.0,10079.0,12719.0,21328.0,,13421.0,,19906.0,8267.0,17298.0,8565.0,,9805.0,14501.0,10696.0,16705.0,12202.0,30807.0,10912.0,19659.0,14617.0,13146.0,18189.0,21691.0,24752.0,29873.0,14248.0,13908.0,,5932.0,16745.0,16019.0,19600.0,13022.0,11952.0,11497.0,10939.0,13550.0,11696.0,23843.0,8459.0,20320.0,14844.0,59237.0,,12479.0,,11680.0,9685.0,10662.0,,10311.0,,15998.0,21798.0,16384.0,18975.0,,11472.0,,,18582.0
24,9603.0,15110.0,12721.0,22552.0,7883.0,,,10384.0,,21376.0,15675.0,14010.0,14552.0,14724.0,,9864.0,17855.0,17056.0,21467.0,23699.0,34494.0,12897.0,,16911.0,12995.0,13064.0,11433.0,13601.0,10973.0,20297.0,15581.0,12261.0,11065.0,17661,12748.0,,14812.0,,11560.0,12001.0,15410.0,25236.0,,13726.0,,23554.0,8576.0,18322.0,8889.0,,,14501.0,10882.0,16705.0,14771.0,34279.0,11283.0,24206.0,14857.0,15894.0,21268.0,25067.0,,30768.0,15744.0,13908.0,,7197.0,16745.0,21350.0,24121.0,14375.0,,13851.0,11105.0,15762.0,13868.0,26621.0,8587.0,21734.0,14844.0,61939.0,,13325.0,,13596.0,11773.0,13662.0,,10311.0,,17076.0,23173.0,16384.0,18975.0,,11472.0,,,18582.0
25,10072.0,15420.0,14047.0,24362.0,7883.0,,,13481.0,,24068.0,18722.0,15280.0,16644.0,14724.0,,,19293.0,17419.0,21467.0,30656.0,34494.0,12897.0,,18799.0,13656.0,13855.0,11433.0,16771.0,10973.0,22757.0,15581.0,,11065.0,19983,13783.0,,16932.0,,11560.0,12001.0,15410.0,25236.0,,15031.0,,23554.0,8931.0,20804.0,9097.0,,,16711.0,10882.0,18852.0,14987.0,41138.0,11283.0,26270.0,14857.0,18577.0,27235.0,26841.0,,36436.0,15744.0,13908.0,,8772.0,17674.0,21350.0,,14375.0,,13851.0,11105.0,,,28863.0,,,16350.0,61939.0,,13325.0,,13596.0,11773.0,16618.0,,,,,24872.0,16988.0,18975.0,,14850.0,,,18582.0
26,10072.0,15420.0,14047.0,26486.0,,,,13481.0,,25401.0,18722.0,16645.0,20806.0,16647.0,,,20914.0,19822.0,25990.0,30656.0,,,,19974.0,13656.0,15300.0,13308.0,16771.0,12559.0,22757.0,17877.0,,13183.0,20101,13783.0,,17779.0,,,12001.0,16050.0,27898.0,,15882.0,,25877.0,8931.0,21208.0,9459.0,,,16711.0,10882.0,18852.0,15731.0,41138.0,11283.0,26270.0,16975.0,,28147.0,26841.0,,36436.0,16422.0,16767.0,,9563.0,17674.0,21350.0,,14941.0,,15588.0,11105.0,,,31627.0,,,16350.0,,,13887.0,,,14594.0,,,,,,27808.0,16988.0,23354.0,,15571.0,,,22372.0
27,10072.0,15420.0,14472.0,28661.0,,,,,,29085.0,20249.0,19772.0,20806.0,18471.0,,,20914.0,19991.0,,,,,,19974.0,15690.0,15300.0,13871.0,,13606.0,24821.0,19008.0,,13183.0,20101,13991.0,,17779.0,,,13554.0,17238.0,29465.0,,16546.0,,26608.0,8931.0,28683.0,9826.0,,,18588.0,10882.0,19073.0,19332.0,,12702.0,28759.0,18928.0,,31823.0,26841.0,,42083.0,,16767.0,,10661.0,20957.0,23851.0,,20259.0,,18730.0,11105.0,,,31627.0,,,,,,15244.0,,,14594.0,,,,,,27808.0,18073.0,23692.0,,16429.0,,,24222.0
28,10072.0,15420.0,18097.0,28661.0,,,,,,,22486.0,20042.0,,19830.0,,,23224.0,20913.0,,,,,,22910.0,18805.0,17442.0,14304.0,,13606.0,24821.0,20424.0,,13183.0,23112,15267.0,,20466.0,,,14061.0,17238.0,29465.0,,18698.0,,,9896.0,30630.0,9875.0,,,20119.0,10882.0,24833.0,21280.0,,12702.0,32710.0,,,,27832.0,,44288.0,,17901.0,,10661.0,24737.0,25719.0,,20259.0,,18730.0,12104.0,,,32093.0,,,,,,15244.0,,,18259.0,,,,,,,18073.0,31582.0,,16429.0,,,25498.0
29,10072.0,20500.0,18097.0,28661.0,,,,,,,,20042.0,,19830.0,,,25193.0,20913.0,,,,,,23425.0,24108.0,20557.0,15503.0,,14715.0,26001.0,21193.0,,13701.0,23112,15491.0,,20466.0,,,14813.0,,30234.0,,19702.0,,,10253.0,37904.0,10638.0,,,21175.0,12236.0,24833.0,22570.0,,13919.0,32710.0,,,,30249.0,,45478.0,,17901.0,,10829.0,24737.0,28579.0,,24103.0,,21484.0,12104.0,,,37422.0,,,,,,16691.0,,,18259.0,,,,,,,18309.0,31582.0,,18224.0,,,25570.0
30,13810.0,20636.0,19400.0,33305.0,,,,,,,,,,22268.0,,,,,,,,,,23425.0,,24068.0,17049.0,,,26001.0,25843.0,,16550.0,26425,15491.0,,23230.0,,,15401.0,,31708.0,,20749.0,,,10936.0,39713.0,,,,21222.0,,,22570.0,,13919.0,38758.0,,,,31695.0,,45478.0,,17901.0,,10829.0,28565.0,28579.0,,24103.0,,21484.0,12104.0,,,39157.0,,,,,,16691.0,,,18259.0,,,,,,,23284.0,36345.0,,19067.0,,,26122.0
31,13810.0,,21570.0,37339.0,,,,,,,,,,22268.0,,,,,,,,,,24456.0,,24068.0,17049.0,,,29788.0,25843.0,,17583.0,27660,15491.0,,24964.0,,,16693.0,,,,20799.0,,,10936.0,44515.0,,,,23919.0,,,28009.0,,15836.0,40803.0,,,,33711.0,,53402.0,,21208.0,,10829.0,28565.0,32881.0,,,,,14850.0,,,,,,,,,16691.0,,,18259.0,,,,,,,25217.0,36345.0,,19139.0,,,30827.0
32,,,21570.0,,,,,,,,,,,24231.0,,,,,,,,,,25268.0,,,18860.0,,,30827.0,26346.0,,18938.0,28136,15979.0,,27503.0,,,17909.0,,,,21345.0,,,,47061.0,,,,,,,28009.0,,17645.0,,,,,33987.0,,,,21208.0,,,,32881.0,,,,,14850.0,,,,,,,,,18426.0,,,19428.0,,,,,,,30184.0,,,25198.0,,,
33,,,,,,,,,,,,,,24231.0,,,,,,,,,,,,,18860.0,,,33363.0,27810.0,,18938.0,29025,16096.0,,27503.0,,,17909.0,,,,22327.0,,,,52190.0,,,,,,,,,17692.0,,,,,38338.0,,,,22471.0,,,,32881.0,,,,,14850.0,,,,,,,,,18426.0,,,,,,,,,,,,,26223.0,,,
34,,,,,,,,,,,,,,24231.0,,,,,,,,,,,,,,,,39202.0,30941.0,,22902.0,32622,,,,,,19679.0,,,,24161.0,,,,57126.0,,,,,,,,,19637.0,,,,,38338.0,,,,22471.0,,,,36021.0,,,,,14850.0,,,,,,,,,20293.0,,,,,,,,,,,,,31558.0,,,
35,,,,,,,,,,,,,,25885.0,,,,,,,,,,,,,,,,39202.0,30941.0,,22902.0,33807,,,,,,21428.0,,,,24161.0,,,,57126.0,,,,,,,,,22614.0,,,,,40786.0,,,,26261.0,,,,36021.0,,,,,17078.0,,,,,,,,,21024.0,,,,,,,,,,,,,31558.0,,,
36,,,,,,,,,,,,,,25885.0,,,,,,,,,,,,,,,,,,,22902.0,36814,,,,,,,,,,26778.0,,,,57720.0,,,,,,,,,22614.0,,,,,42373.0,,,,29638.0,,,,,,,,,18454.0,,,,,,,,,,,,,,,,,,,,,,31652.0,,,
37,,,,,,,,,,,,,,32344.0,,,,,,,,,,,,,,,,,,,24938.0,41514,,,,,,,,,,26778.0,,,,60946.0,,,,,,,,,27723.0,,,,,42373.0,,,,29638.0,,,,,,,,,18454.0,,,,,,,,,,,,,,,,,,,,,,36780.0,,,
38,,,,,,,,,,,,,,32344.0,,,,,,,,,,,,,,,,,,,24938.0,42784,,,,,,,,,,27379.0,,,,60946.0,,,,,,,,,27723.0,,,,,48485.0,,,,,,,,,,,,,,,,,,,,,,,,,,,,,,,,,,,40453.0,,,
39,,,,,,,,,,,,,,,,,,,,,,,,,,,,,,,,,,42958,,,,,,,,,,27379.0,,,,64397.0,,,,,,,,,,,,,,52208.0,,,,,,,,,,,,,,,,,,,,,,,,,,,,,,,,,,,41575.0,,,
40,,,,,,,,,,,,,,,,,,,,,,,,,,,,,,,,,,45325,,,,,,,,,,,,,,64927.0,,,,,,,,,,,,,,52208.0,,,,,,,,,,,,,,,,,,,,,,,,,,,,,,,,,,,45476.0,,,
41,,,,,,,,,,,,,,,,,,,,,,,,,,,,,,,,,,45325,,,,,,,,,,,,,,68840.0,,,,,,,,,,,,,,60139.0,,,,,,,,,,,,,,,,,,,,,,,,,,,,,,,,,,,47141.0,,,
42,,,,,,,,,,,,,,,,,,,,,,,,,,,,,,,,,,47180,,,,,,,,,,,,,,68840.0,,,,,,,,,,,,,,,,,,,,,,,,,,,,,,,,,,,,,,,,,,,,,,,,,48893.0,,,
43,,,,,,,,,,,,,,,,,,,,,,,,,,,,,,,,,,47815,,,,,,,,,,,,,,,,,,,,,,,,,,,,,,,,,,,,,,,,,,,,,,,,,,,,,,,,,,,,,,,,,,
