,Gold_x,Gold_y,Gold_x,Gold_y,Gold_x,Gold_y,Gold_x,Gold_y,Gold_x,Gold_y,Gold_x,Gold_y,Gold_x,Gold_y,Gold_x,Gold_y,Gold_x,Gold_y,Gold_x,Gold_y,Gold_x,Gold_y,Gold_x,Gold_y,Gold_x,Gold_y,Gold_x,Gold_y,Gold_x,Gold_y,Gold_x,Gold_y,Gold_x,Gold_y,Gold_x,Gold_y,Gold_x,Gold_y,Gold_x,Gold_y,Gold_x,Gold_y,Gold_x,Gold_y,Gold_x,Gold_y,Gold_x,Gold_y,Gold_x,Gold_y,Gold_x,Gold_y,Gold_x,Gold_y,Gold_x,Gold_y,Gold_x,Gold_y,Gold_x,Gold_y,Gold_x,Gold_y,Gold_x,Gold_y,Gold_x,Gold_y,Gold_x,Gold_y,Gold_x,Gold_y,Gold_x,Gold_y,Gold_x,Gold_y,Gold_x,Gold_y,Gold_x,Gold_y,Gold_x,Gold_y,Gold_x,Gold_y,Gold_x,Gold_y,Gold_x,Gold_y,Gold_x,Gold_y,Gold_x,Gold_y,Gold_x,Gold_y,Gold_x,Gold_y,Gold_x,Gold_y,Gold_x,Gold_y,Gold_x,Gold_y
0,500.0,500.0,500.0,500.0,500.0,500.0,500.0,500.0,500.0,500.0,500.0,500.0,500.0,500.0,500.0,500.0,500.0,500.0,500.0,500.0,500.0,500.0,500.0,500.0,500.0,500.0,500.0,500.0,500.0,500.0,500.0,500.0,500.0,500,500.0,500.0,500.0,500.0,500.0,500.0,500.0,500.0,500.0,500.0,500.0,500.0,500.0,500.0,500.0,500.0,500.0,500.0,500.0,500.0,500.0,500.0,500.0,500.0,500.0,500.0,500.0,500.0,500.0,500.0,500.0,500.0,500.0,500.0,500.0,500.0,500.0,500.0,500.0,500.0,500.0,500.0,500.0,500.0,500.0,500.0,500.0,1400.0,500.0,500.0,500.0,500.0,500.0,500.0,500.0,500.0,500.0,500.0,500.0,500.0,500.0,500.0,500.0,500.0,500.0,500.0
1,500.0,500.0,500.0,500.0,500.0,500.0,500.0,500.0,500.0,500.0,500.0,500.0,500.0,500.0,500.0,500.0,500.0,500.0,500.0,500.0,500.0,500.0,500.0,500.0,500.0,500.0,500.0,500.0,500.0,500.0,500.0,500.0,500.0,500,500.0,500.0,500.0,500.0,500.0,500.0,500.0,500.0,500.0,500.0,500.0,500.0,500.0,500.0,500.0,500.0,500.0,500.0,500.0,500.0,500.0,500.0,500.0,500.0,500.0,500.0,500.0,500.0,500.0,500.0,500.0,500.0,500.0,500.0,510.0,500.0,500.0,500.0,500.0,500.0,500.0,500.0,500.0,500.0,500.0,500.0,500.0,1515.0,500.0,500.0,500.0,500.0,500.0,500.0,500.0,500.0,500.0,500.0,500.0,500.0,500.0,500.0,500.0,500.0,500.0,500.0
2,598.0,577.0,626.0,584.0,577.0,563.0,643.0,542.0,584.0,660.0,570.0,584.0,542.0,621.0,584.0,616.0,584.0,563.0,598.0,601.0,598.0,584.0,621.0,542.0,563.0,584.0,621.0,591.0,621.0,542.0,584.0,621.0,598.0,523,563.0,605.0,521.0,653.0,606.0,621.0,584.0,542.0,542.0,523.0,543.0,563.0,544.0,598.0,563.0,598.0,521.0,584.0,598.0,584.0,563.0,598.0,621.0,612.0,563.0,598.0,542.0,598.0,621.0,542.0,598.0,542.0,577.0,523.0,622.0,542.0,584.0,621.0,606.0,521.0,563.0,626.0,621.0,598.0,521.0,621.0,563.0,2358.0,584.0,521.0,626.0,605.0,563.0,542.0,598.0,544.0,584.0,584.0,563.0,563.0,612.0,563.0,563.0,542.0,591.0,584.0
3,913.0,860.0,955.0,888.0,860.0,857.0,998.0,878.0,955.0,1054.0,871.0,906.0,885.0,1113.0,1345.0,967.0,899.0,843.0,1739.0,723.0,1201.0,871.0,1113.0,899.0,1326.0,783.0,1054.0,916.0,1023.0,839.0,888.0,993.0,892.0,717,837.0,783.0,828.0,1054.0,1054.0,1013.0,976.0,839.0,1084.0,880.0,1117.0,748.0,720.0,1239.0,928.0,885.0,815.0,874.0,762.0,920.0,934.0,895.0,1120.0,881.0,913.0,878.0,1194.0,818.0,1054.0,1364.0,1375.0,787.0,811.0,699.0,1007.0,829.0,885.0,1013.0,959.0,969.0,920.0,955.0,1120.0,888.0,1108.0,1054.0,864.0,3033.0,769.0,859.0,895.0,832.0,1261.0,741.0,892.0,892.0,783.0,846.0,857.0,948.0,1173.0,699.0,853.0,762.0,881.0,920.0
4,1458.0,1339.0,1099.0,1032.0,1088.0,1290.0,1348.0,1148.0,1120.0,1457.0,1719.0,1513.0,1218.0,1969.0,1531.0,1236.0,1211.0,1113.0,1904.0,909.0,1491.0,1085.0,1612.0,1141.0,1568.0,1278.0,1972.0,1181.0,1463.0,1576.0,1039.0,1347.0,1197.0,952,1032.0,1185.0,1159.0,1939.0,1267.0,1340.0,1274.0,1868.0,1280.0,1037.0,1272.0,1004.0,1011.0,1459.0,1435.0,1106.0,1050.0,1183.0,997.0,1556.0,1246.0,1258.0,1672.0,1615.0,1176.0,1239.0,1853.0,1290.0,1978.0,2114.0,1617.0,1307.0,1085.0,1028.0,1249.0,1384.0,1399.0,1782.0,1506.0,1353.0,1218.0,1559.0,1444.0,1267.0,1370.0,2024.0,1155.0,3713.0,1036.0,1359.0,1444.0,1211.0,1538.0,864.0,1169.0,1223.0,1074.0,1067.0,1139.0,1540.0,1489.0,1050.0,1978.0,810.0,1531.0,1106.0
5,1647.0,1608.0,1438.0,1733.0,1476.0,1552.0,1611.0,1375.0,1529.0,1806.0,2023.0,2159.0,1557.0,2277.0,1919.0,1477.0,1487.0,1787.0,2556.0,1519.0,1824.0,1207.0,2030.0,1895.0,1900.0,1569.0,2305.0,1345.0,2121.0,1894.0,1737.0,1713.0,1438.0,1892,1186.0,1483.0,1785.0,2232.0,1495.0,1593.0,2156.0,2053.0,1922.0,1188.0,1570.0,2101.0,1487.0,1806.0,1610.0,1403.0,1431.0,1648.0,1201.0,2183.0,1585.0,1499.0,1898.0,1814.0,1557.0,1457.0,2484.0,1602.0,2231.0,2629.0,1928.0,1646.0,1228.0,1204.0,1658.0,1674.0,2002.0,1995.0,1713.0,1660.0,1382.0,1730.0,1737.0,2539.0,1697.0,2277.0,1473.0,4406.0,1270.0,1666.0,1944.0,1696.0,1912.0,1105.0,1508.0,1420.0,1434.0,1580.0,1791.0,1816.0,2633.0,1445.0,2268.0,,2207.0,2088.0
6,2032.0,1958.0,1945.0,2090.0,1704.0,1794.0,2603.0,2150.0,1673.0,2207.0,2429.0,2687.0,2121.0,2657.0,2227.0,1806.0,1907.0,1945.0,2754.0,1969.0,2033.0,1596.0,2625.0,2294.0,2493.0,1768.0,2513.0,1617.0,2514.0,2163.0,2077.0,2146.0,1708.0,2408,1765.0,1626.0,2070.0,2474.0,1844.0,1993.0,2419.0,3544.0,2388.0,1668.0,1837.0,2245.0,1643.0,2124.0,1845.0,1868.0,1624.0,2012.0,1471.0,2490.0,2080.0,2047.0,2332.0,2206.0,1935.0,2025.0,3145.0,1951.0,3094.0,3580.0,2427.0,2045.0,1501.0,1339.0,2015.0,2024.0,2331.0,2219.0,1992.0,2153.0,2004.0,1923.0,2260.0,2931.0,1897.0,2579.0,1823.0,5209.0,1800.0,2004.0,2213.0,1990.0,2397.0,1946.0,1858.0,1596.0,2047.0,1923.0,2134.0,2125.0,3011.0,2178.0,2412.0,,3193.0,2403.0
7,2360.0,2129.0,2221.0,2692.0,2022.0,2117.0,2824.0,2314.0,1945.0,2705.0,3216.0,3075.0,2320.0,3245.0,4031.0,2124.0,2483.0,2168.0,3756.0,2190.0,2897.0,1830.0,2878.0,2493.0,2799.0,2351.0,2850.0,2073.0,2802.0,2843.0,2419.0,2269.0,2134.0,2602,1993.0,1917.0,2625.0,2778.0,2056.0,2362.0,2831.0,3886.0,3016.0,2111.0,2031.0,2430.0,2172.0,2547.0,2469.0,2214.0,1900.0,2169.0,2106.0,3152.0,2363.0,2675.0,2594.0,3273.0,2204.0,2253.0,3983.0,2206.0,3640.0,3703.0,2846.0,2300.0,1943.0,1631.0,2798.0,2745.0,2639.0,2497.0,2299.0,2545.0,2238.0,2320.0,2481.0,3383.0,2235.0,2825.0,2015.0,5897.0,2603.0,2152.0,2454.0,2252.0,2610.0,2360.0,2630.0,1762.0,2410.0,2241.0,2698.0,2471.0,3783.0,2566.0,2838.0,,3435.0,2994.0
8,2663.0,2488.0,2538.0,2925.0,2179.0,2462.0,3454.0,2536.0,2332.0,3238.0,3394.0,3641.0,2777.0,3462.0,4523.0,2345.0,2724.0,2980.0,4483.0,2746.0,3176.0,2084.0,3293.0,2922.0,2956.0,2731.0,3302.0,2498.0,3272.0,3233.0,3137.0,2845.0,2535.0,3096,2210.0,2473.0,2963.0,3216.0,2318.0,2767.0,3468.0,4811.0,3330.0,2233.0,2225.0,3384.0,2307.0,3014.0,2802.0,3169.0,2196.0,3570.0,2876.0,3540.0,2709.0,2978.0,2946.0,3653.0,2696.0,2975.0,4520.0,2504.0,4019.0,4715.0,3407.0,2698.0,2274.0,1841.0,3519.0,3292.0,3699.0,2830.0,2521.0,3053.0,2852.0,2442.0,2711.0,4211.0,2638.0,3381.0,2846.0,6610.0,2855.0,2274.0,2681.0,2590.0,2997.0,2482.0,3010.0,1952.0,2734.0,2899.0,2987.0,2830.0,4094.0,2918.0,3535.0,,3710.0,3312.0
9,2891.0,2830.0,3074.0,3358.0,2619.0,2883.0,3661.0,2864.0,3310.0,3688.0,3666.0,3763.0,2977.0,3780.0,5233.0,2709.0,3152.0,3853.0,4866.0,3536.0,3896.0,2363.0,3600.0,3150.0,3233.0,2974.0,3794.0,2804.0,3580.0,3523.0,3281.0,3199.0,2849.0,3261,2381.0,3267.0,3365.0,3439.0,2946.0,3373.0,3724.0,5753.0,3640.0,2488.0,2380.0,3612.0,2534.0,3691.0,3133.0,3355.0,2596.0,3940.0,3232.0,3906.0,2952.0,3449.0,3501.0,3939.0,3794.0,3196.0,4740.0,3002.0,4734.0,5151.0,3914.0,3156.0,2432.0,2307.0,4060.0,4147.0,4047.0,3096.0,2829.0,3380.0,3702.0,3093.0,3160.0,4458.0,3145.0,4119.0,3216.0,7392.0,3155.0,2867.0,2896.0,2769.0,3367.0,2775.0,3388.0,2500.0,3118.0,4023.0,3711.0,3994.0,5097.0,3139.0,3808.0,,4372.0,3539.0
10,3514.0,3071.0,3407.0,4273.0,2832.0,3180.0,4115.0,3465.0,3565.0,3995.0,3872.0,4249.0,3646.0,4651.0,5645.0,3028.0,3389.0,4420.0,5094.0,4431.0,4598.0,3152.0,3781.0,3398.0,3544.0,3153.0,4051.0,3315.0,3887.0,4134.0,4943.0,3995.0,3118.0,3899,2615.0,3704.0,3673.0,3951.0,3229.0,3814.0,4139.0,6295.0,3916.0,2905.0,2651.0,3818.0,2968.0,4744.0,3373.0,4119.0,2872.0,4272.0,3664.0,4440.0,3980.0,4045.0,3829.0,4486.0,4102.0,3670.0,4862.0,3585.0,5046.0,5790.0,4805.0,3453.0,2808.0,2441.0,4254.0,4457.0,4729.0,3576.0,3136.0,3726.0,4250.0,3348.0,3503.0,4793.0,3280.0,4576.0,3593.0,8204.0,3424.0,3331.0,3637.0,3212.0,3608.0,3133.0,3778.0,2899.0,3511.0,4389.0,3918.0,4270.0,5642.0,3543.0,4135.0,,4999.0,3916.0
11,3775.0,4663.0,3773.0,4778.0,3157.0,3553.0,4447.0,3735.0,4366.0,4527.0,4288.0,4671.0,4519.0,5169.0,6306.0,3359.0,3776.0,4627.0,5779.0,5402.0,4888.0,3518.0,4754.0,3563.0,3772.0,3490.0,4204.0,3563.0,4568.0,4847.0,5736.0,4525.0,3474.0,4426,3015.0,4740.0,3927.0,4221.0,3539.0,4118.0,4262.0,6417.0,4309.0,3257.0,2792.0,4172.0,3216.0,5367.0,3683.0,4648.0,3128.0,4589.0,3955.0,4618.0,4165.0,4369.0,4498.0,5818.0,4384.0,4056.0,6124.0,3770.0,5780.0,6330.0,5087.0,3770.0,3132.0,2689.0,4683.0,4913.0,5554.0,4094.0,3434.0,4136.0,4449.0,3952.0,3790.0,5470.0,3618.0,4813.0,3792.0,9409.0,4170.0,4092.0,4368.0,3335.0,3964.0,3381.0,4662.0,3068.0,3683.0,4952.0,4262.0,4657.0,6029.0,3825.0,4827.0,,5301.0,4453.0
12,4039.0,4968.0,4727.0,4985.0,3671.0,4351.0,4915.0,4124.0,4662.0,4919.0,4593.0,5521.0,4963.0,5740.0,7970.0,3833.0,4144.0,4911.0,6302.0,6431.0,5580.0,4265.0,4996.0,4485.0,4176.0,3763.0,4463.0,4417.0,5082.0,5215.0,6298.0,4797.0,3758.0,4792,3453.0,5341.0,4301.0,5149.0,3756.0,5634.0,4769.0,7473.0,4608.0,4350.0,3142.0,4436.0,3722.0,6305.0,3963.0,5140.0,3334.0,4873.0,4247.0,4986.0,4789.0,4533.0,5021.0,6351.0,4656.0,4584.0,6429.0,4518.0,6581.0,6836.0,5353.0,4567.0,3439.0,2901.0,5700.0,5219.0,5938.0,4348.0,3728.0,4279.0,4887.0,4806.0,4162.0,5824.0,3835.0,5695.0,4513.0,10306.0,4524.0,4394.0,5067.0,3620.0,4350.0,4568.0,5196.0,3500.0,4058.0,5392.0,5569.0,5418.0,6927.0,4186.0,5054.0,,5480.0,4973.0
13,4548.0,5161.0,5083.0,5156.0,3983.0,4822.0,5283.0,4421.0,4934.0,5390.0,4990.0,6053.0,6358.0,6198.0,8662.0,4620.0,4622.0,5841.0,7031.0,7329.0,6096.0,4636.0,5346.0,4796.0,4726.0,3997.0,4871.0,4781.0,6403.0,5777.0,6797.0,5055.0,4200.0,5508,3713.0,5617.0,5071.0,5706.0,4459.0,5756.0,5101.0,7895.0,5318.0,4793.0,3303.0,4586.0,3883.0,7201.0,4860.0,6037.0,3519.0,5115.0,4370.0,5223.0,5219.0,6986.0,5362.0,6536.0,6016.0,5303.0,6636.0,4808.0,7366.0,7091.0,5887.0,5519.0,3666.0,3262.0,6738.0,5837.0,6700.0,5252.0,4689.0,4587.0,5122.0,5406.0,4927.0,6101.0,4440.0,6493.0,5460.0,10755.0,4695.0,4906.0,5345.0,4177.0,4734.0,5054.0,5970.0,3650.0,4542.0,6158.0,6009.0,5739.0,7631.0,4455.0,5347.0,,5707.0,5236.0
14,4926.0,5526.0,5490.0,5535.0,4340.0,5562.0,5513.0,4744.0,5132.0,5803.0,5713.0,6850.0,6667.0,7446.0,9598.0,5924.0,5022.0,6435.0,7445.0,7907.0,7052.0,4758.0,5872.0,5208.0,5043.0,4375.0,5309.0,5389.0,7031.0,5992.0,6920.0,5749.0,4393.0,5648,4213.0,6358.0,5413.0,6305.0,4776.0,6553.0,6244.0,8625.0,5483.0,4950.0,4383.0,4958.0,4572.0,7722.0,5000.0,6429.0,3775.0,5385.0,5098.0,5940.0,5720.0,7309.0,5529.0,6906.0,6561.0,5535.0,6934.0,5390.0,8460.0,8604.0,6189.0,5870.0,3870.0,3646.0,7066.0,6203.0,7100.0,5685.0,5227.0,5635.0,5437.0,5928.0,5290.0,6404.0,5397.0,6690.0,5769.0,11993.0,5123.0,5597.0,6435.0,4455.0,5619.0,6407.0,6588.0,4607.0,4693.0,7018.0,7542.0,6264.0,8414.0,4750.0,5874.0,,5913.0,5660.0
15,5378.0,6193.0,5874.0,5923.0,4612.0,6277.0,5957.0,5173.0,5485.0,6286.0,6105.0,7263.0,7270.0,8133.0,10521.0,6370.0,5836.0,6666.0,7895.0,8331.0,7414.0,5205.0,6065.0,6125.0,5448.0,5077.0,5859.0,5596.0,7493.0,6917.0,7744.0,6085.0,5471.0,5889,4435.0,6580.0,6024.0,6824.0,5084.0,7076.0,6686.0,9104.0,5920.0,5182.0,4523.0,5263.0,4981.0,8048.0,5370.0,7130.0,4017.0,5549.0,5325.0,6217.0,6132.0,8842.0,6043.0,8648.0,6854.0,5858.0,7699.0,6106.0,9228.0,9050.0,6530.0,6097.0,4006.0,3905.0,7420.0,6543.0,7871.0,5807.0,5632.0,5857.0,5860.0,6594.0,5738.0,6577.0,5885.0,7341.0,6080.0,12626.0,5867.0,5794.0,7130.0,4907.0,5965.0,6837.0,7004.0,4747.0,4920.0,7413.0,8585.0,7006.0,8805.0,5019.0,6164.0,,6503.0,5972.0
16,5993.0,6471.0,6027.0,6259.0,4940.0,6672.0,6376.0,5445.0,5727.0,7281.0,6287.0,7921.0,7638.0,8481.0,10622.0,6747.0,6228.0,7159.0,8461.0,8792.0,8173.0,5475.0,6386.0,6645.0,5896.0,5336.0,6420.0,5852.0,7616.0,7268.0,7916.0,6472.0,5891.0,6280,4575.0,7254.0,6769.0,7316.0,5362.0,7495.0,7601.0,9551.0,6173.0,5305.0,4664.0,5611.0,5447.0,8910.0,5571.0,7606.0,4245.0,6020.0,5598.0,6685.0,6614.0,9250.0,7240.0,9221.0,7496.0,6059.0,8060.0,6777.0,9549.0,9792.0,7027.0,7489.0,4191.0,4046.0,8055.0,8023.0,8057.0,6205.0,7708.0,6654.0,6472.0,7014.0,6107.0,8189.0,6419.0,8768.0,6542.0,13139.0,6072.0,6332.0,7366.0,5648.0,6509.0,7315.0,7397.0,5358.0,4957.0,7953.0,9536.0,7199.0,9398.0,5305.0,6692.0,,6730.0,6575.0
17,6230.0,7016.0,6295.0,6681.0,5390.0,8203.0,6711.0,5737.0,6054.0,7804.0,6633.0,8460.0,8060.0,8723.0,,7377.0,7129.0,7659.0,9156.0,9803.0,8651.0,6573.0,6815.0,6809.0,6443.0,6017.0,6593.0,6142.0,7997.0,7819.0,8353.0,7354.0,6187.0,7135,4716.0,8021.0,7371.0,7507.0,6298.0,8344.0,8459.0,9932.0,6813.0,6058.0,4824.0,6162.0,6022.0,9943.0,6011.0,8078.0,4784.0,6627.0,5909.0,7298.0,7473.0,9810.0,7708.0,9479.0,7941.0,6852.0,8697.0,7416.0,10364.0,10563.0,7240.0,7716.0,,4236.0,8577.0,8403.0,8707.0,6888.0,7890.0,7088.0,6669.0,8061.0,6231.0,8474.0,7258.0,9546.0,6797.0,14634.0,,6744.0,7914.0,6215.0,6779.0,7437.0,8254.0,5690.0,,8466.0,10337.0,8634.0,9820.0,5601.0,6885.0,,6903.0,7113.0
18,6381.0,7138.0,6482.0,9297.0,5687.0,8232.0,6964.0,6098.0,6297.0,9167.0,6770.0,8822.0,8579.0,9214.0,,7933.0,7656.0,7887.0,10139.0,10185.0,10134.0,6695.0,7821.0,7615.0,6657.0,6265.0,7097.0,6349.0,8334.0,8242.0,8740.0,7776.0,6393.0,7276,5316.0,8696.0,7494.0,,6747.0,8869.0,8885.0,10309.0,7370.0,7231.0,5004.0,7414.0,6258.0,10394.0,6266.0,8620.0,5595.0,7022.0,6032.0,7478.0,7696.0,10448.0,8318.0,10170.0,8636.0,7388.0,9015.0,7740.0,11181.0,11083.0,7372.0,8551.0,,4526.0,10427.0,8948.0,9361.0,7210.0,8254.0,7480.0,7329.0,8570.0,6534.0,8833.0,7917.0,11016.0,7494.0,15317.0,,7189.0,8882.0,6562.0,7059.0,7560.0,8518.0,5987.0,,8832.0,10809.0,8920.0,10179.0,6369.0,7149.0,,7472.0,7543.0
19,6677.0,7414.0,6830.0,9774.0,6004.0,,7086.0,6339.0,6541.0,10029.0,7104.0,9397.0,9486.0,9826.0,,8680.0,8053.0,8141.0,10765.0,10989.0,11030.0,7160.0,7943.0,8177.0,6779.0,6605.0,7219.0,6471.0,8506.0,8573.0,9488.0,8042.0,7246.0,7883,5486.0,9492.0,7672.0,,6870.0,9243.0,9058.0,10431.0,7701.0,7549.0,5145.0,8228.0,6399.0,10774.0,6557.0,9101.0,7169.0,7250.0,6289.0,7959.0,7978.0,10770.0,8637.0,10335.0,8857.0,7775.0,9802.0,8142.0,12149.0,11379.0,8054.0,8868.0,,4778.0,11493.0,9244.0,9952.0,8015.0,8561.0,8363.0,7451.0,9166.0,7356.0,9564.0,8352.0,12112.0,7646.0,16277.0,,7762.0,9283.0,6784.0,7531.0,8087.0,8650.0,6218.0,,9249.0,11587.0,9335.0,10505.0,6687.0,7398.0,,7608.0,8212.0
20,7248.0,8546.0,7065.0,9980.0,6151.0,,7313.0,6552.0,6712.0,10567.0,7693.0,9519.0,9791.0,10289.0,,9688.0,9015.0,8417.0,11207.0,12067.0,12220.0,7618.0,8820.0,8693.0,7007.0,6727.0,7930.0,6755.0,9199.0,9015.0,9610.0,8500.0,7761.0,8644,6157.0,9714.0,8218.0,,7097.0,9660.0,9927.0,10879.0,8003.0,8411.0,5290.0,8475.0,6689.0,11190.0,7064.0,9472.0,7396.0,8082.0,6788.0,8190.0,8387.0,11728.0,9285.0,10642.0,9233.0,8124.0,9938.0,8746.0,13704.0,12607.0,8281.0,9259.0,,4948.0,11870.0,9817.0,10074.0,8454.0,9299.0,9065.0,8079.0,9473.0,7578.0,10520.0,8724.0,12260.0,7902.0,17710.0,,8346.0,10275.0,7319.0,8382.0,8779.0,,6914.0,,10245.0,11840.0,9507.0,11085.0,7495.0,8431.0,,7750.0,9030.0
21,7960.0,9198.0,7809.0,10617.0,6343.0,,7331.0,7113.0,6912.0,12317.0,8525.0,9815.0,10224.0,10679.0,,10160.0,9337.0,8861.0,11823.0,13157.0,12622.0,8361.0,9138.0,10098.0,7178.0,6906.0,8279.0,6891.0,9688.0,9487.0,9950.0,8957.0,8142.0,8885,6297.0,10421.0,8785.0,,7401.0,9913.0,10329.0,11373.0,8426.0,9024.0,,8829.0,6980.0,11313.0,7279.0,9494.0,7813.0,8720.0,7315.0,10539.0,8809.0,11963.0,9408.0,11052.0,9897.0,8660.0,10219.0,10318.0,14194.0,13698.0,8731.0,10448.0,,5480.0,12522.0,10147.0,10565.0,9611.0,9695.0,9533.0,8215.0,10280.0,7700.0,10917.0,9063.0,12823.0,8145.0,19661.0,,9092.0,10797.0,7792.0,8622.0,9199.0,,7798.0,,10367.0,12878.0,10670.0,11533.0,7560.0,8553.0,,,9386.0
22,8468.0,10201.0,7931.0,11715.0,6597.0,,,7367.0,7312.0,13399.0,8905.0,10258.0,11316.0,11126.0,,10507.0,9979.0,9433.0,11945.0,14305.0,13779.0,8642.0,9270.0,10507.0,7579.0,7028.0,8743.0,7078.0,10102.0,11539.0,10243.0,9275.0,8571.0,9040,6831.0,,9653.0,,8288.0,10483.0,10900.0,11595.0,8517.0,9666.0,,10224.0,7120.0,11886.0,7648.0,,8172.0,9557.0,7854.0,10895.0,8990.0,13380.0,9740.0,11583.0,10563.0,8999.0,10366.0,11349.0,15034.0,14282.0,8854.0,10590.0,,5811.0,13471.0,11047.0,11666.0,9967.0,10670.0,10364.0,8627.0,10774.0,7880.0,11663.0,9421.0,13922.0,9045.0,20117.0,,9665.0,11176.0,8315.0,9044.0,9502.0,,8309.0,,10684.0,14231.0,11293.0,12290.0,,8915.0,,,10750.0
23,9024.0,10536.0,8270.0,11972.0,6908.0,,,7677.0,7356.0,14391.0,9589.0,10888.0,11693.0,11379.0,,10679.0,10814.0,9730.0,12167.0,15093.0,14240.0,9525.0,9277.0,11009.0,8629.0,7432.0,9394.0,7750.0,10977.0,12261.0,10457.0,9947.0,9023.0,9181,7121.0,,10128.0,,8645.0,11204.0,11208.0,11849.0,,9838.0,,10911.0,8173.0,12008.0,7838.0,,8227.0,10274.0,8235.0,11732.0,9112.0,14374.0,10307.0,12020.0,10819.0,9875.0,10498.0,12371.0,15146.0,15414.0,9969.0,11089.0,,5951.0,14189.0,11169.0,12204.0,10089.0,10772.0,10772.0,8750.0,11085.0,8234.0,12435.0,10102.0,15015.0,9517.0,21416.0,,10206.0,,8626.0,9425.0,10184.0,,8633.0,,12737.0,14472.0,11736.0,12533.0,,9114.0,,,11492.0
24,9683.0,11187.0,8476.0,12244.0,7924.0,,,7974.0,,15293.0,11196.0,11100.0,12360.0,11807.0,,11077.0,11618.0,10536.0,12441.0,15508.0,16039.0,9793.0,,11206.0,9025.0,8788.0,9906.0,7942.0,11130.0,12823.0,10809.0,10147.0,9521.0,9871,7262.0,,10625.0,,10022.0,11937.0,11721.0,12765.0,,9975.0,,11946.0,8838.0,12201.0,8006.0,,,10663.0,8481.0,12008.0,10226.0,15325.0,10605.0,12537.0,11447.0,10624.0,11916.0,13568.0,,15564.0,10092.0,11395.0,,6561.0,14437.0,12454.0,13309.0,10337.0,,11344.0,8912.0,12087.0,8479.0,12843.0,10161.0,16332.0,9647.0,22022.0,,10542.0,,9243.0,9867.0,11388.0,,8654.0,,13203.0,15144.0,11987.0,12720.0,,9516.0,,,12096.0
25,9966.0,11415.0,8689.0,12714.0,7993.0,,,8545.0,,16364.0,11856.0,11728.0,12851.0,12060.0,,,11845.0,10783.0,12563.0,16497.0,16044.0,9941.0,,11769.0,9884.0,9384.0,10128.0,8965.0,11549.0,13057.0,10987.0,,10084.0,10161,7402.0,,11425.0,,10145.0,12371.0,12053.0,13097.0,,10667.0,,12118.0,9301.0,13878.0,8397.0,,,12208.0,8882.0,12724.0,10511.0,16749.0,11088.0,13488.0,11976.0,11387.0,13373.0,13811.0,,16811.0,10466.0,11930.0,,7792.0,14696.0,12712.0,,10644.0,,11505.0,9064.0,,,13266.0,,,10225.0,22489.0,,11098.0,,9539.0,10114.0,11983.0,,,,,15466.0,12433.0,13246.0,,10322.0,,,12773.0
26,10103.0,11704.0,9007.0,13184.0,,,,8554.0,,17535.0,12350.0,12105.0,13652.0,12665.0,,,12184.0,11480.0,13747.0,16503.0,,,,11908.0,10278.0,10222.0,10295.0,9226.0,12409.0,13209.0,11110.0,,10734.0,10302,7543.0,,12268.0,,,12956.0,12400.0,13893.0,,10789.0,,12567.0,9441.0,14398.0,8757.0,,,12686.0,9169.0,13041.0,10761.0,16924.0,11439.0,13795.0,12685.0,,13936.0,14027.0,,16933.0,10586.0,12825.0,,8404.0,14854.0,13050.0,,10912.0,,12133.0,9188.0,,,13866.0,,,10228.0,,,11929.0,,,10681.0,,,,,,16422.0,12834.0,14653.0,,10444.0,,,13648.0
27,10377.0,12233.0,9129.0,13465.0,,,,,,18740.0,13020.0,13225.0,13670.0,13474.0,,,12449.0,12294.0,,,,,,12640.0,10685.0,10421.0,10418.0,,12888.0,13961.0,11622.0,,10856.0,10442,7683.0,,12950.0,,,13692.0,12783.0,15296.0,,11440.0,,13030.0,9611.0,16943.0,9197.0,,,13089.0,9747.0,13508.0,11350.0,,11799.0,14192.0,13027.0,,14798.0,14484.0,,17888.0,,12948.0,,8835.0,16232.0,13570.0,,12155.0,,12663.0,9811.0,,,14004.0,,,,,,12246.0,,,10903.0,,,,,,16894.0,13443.0,15225.0,,10888.0,,,14216.0
28,10967.0,12356.0,9576.0,13832.0,,,,,,,13599.0,13514.0,,14140.0,,,13261.0,13547.0,,,,,,13507.0,11840.0,11071.0,10540.0,,13141.0,14368.0,12026.0,,11127.0,11024,8023.0,,13695.0,,,14081.0,12815.0,15926.0,,11913.0,,,9952.0,17449.0,9526.0,,,13577.0,10137.0,14207.0,11494.0,,12254.0,15053.0,,,,14607.0,,18411.0,,13218.0,,9079.0,17151.0,14269.0,,12328.0,,13271.0,10238.0,,,14226.0,,,,,,12368.0,,,11492.0,,,,,,,13946.0,17180.0,,11232.0,,,14578.0
29,11171.0,13276.0,9894.0,14049.0,,,,,,,,13680.0,,14382.0,,,13715.0,13583.0,,,,,,14382.0,13111.0,11437.0,11033.0,,13194.0,14834.0,12149.0,,11327.0,11165,8264.0,,14034.0,,,14892.0,,16069.0,,12380.0,,,10092.0,18196.0,10175.0,,,14195.0,10449.0,14487.0,11691.0,,12491.0,15485.0,,,,14859.0,,18547.0,,13891.0,,9249.0,17273.0,14854.0,,13610.0,,14341.0,10987.0,,,15572.0,,,,,,12730.0,,,11614.0,,,,,,,14416.0,17741.0,,11701.0,,,14700.0
30,11962.0,13286.0,10016.0,14865.0,,,,,,,,,,14958.0,,,,,,,,,,14534.0,,12790.0,11308.0,,,15307.0,13280.0,,11449.0,11580,8404.0,,14690.0,,,15470.0,,16408.0,,12502.0,,,10832.0,19050.0,,,,14367.0,,,12108.0,,13050.0,17167.0,,,,14995.0,,18872.0,,14326.0,,9541.0,18325.0,15137.0,,13745.0,,14341.0,11159.0,,,15956.0,,,,,,13304.0,,,12059.0,,,,,,,16894.0,18455.0,,12340.0,,,15614.0
31,12403.0,,10226.0,15316.0,,,,,,,,,,15130.0,,,,,,,,,,15072.0,,12854.0,11694.0,,,16656.0,13866.0,,11651.0,11892,8544.0,,15452.0,,,16036.0,,,,12625.0,,,10840.0,19909.0,,,,15008.0,,,12370.0,,13629.0,17399.0,,,,15205.0,,20384.0,,15145.0,,9552.0,18331.0,16545.0,,,,,12340.0,,,,,,,,,13995.0,,,12726.0,,,,,,,17875.0,18612.0,,13155.0,,,16728.0
32,,,10248.0,,,,,,,,,,,16066.0,,,,,,,,,,15401.0,,,12067.0,,,16873.0,14038.0,,11773.0,12032,9060.0,,16176.0,,,16584.0,,,,13047.0,,,,20880.0,,,,,,,12453.0,,13852.0,,,,,15817.0,,,,15367.0,,,,16667.0,,,,,12666.0,,,,,,,,,14595.0,,,13039.0,,,,,,,18963.0,,,13606.0,,,
33,,,,,,,,,,,,,,16214.0,,,,,,,,,,,,,12082.0,,,17544.0,14498.0,,12528.0,12182,9470.0,,16240.0,,,17107.0,,,,13169.0,,,,21541.0,,,,,,,,,14095.0,,,,,16699.0,,,,15489.0,,,,16950.0,,,,,13060.0,,,,,,,,,14719.0,,,,,,,,,,,,,14100.0,,,
34,,,,,,,,,,,,,,16561.0,,,,,,,,,,,,,,,,17975.0,14756.0,,12787.0,13873,,,,,,17701.0,,,,14262.0,,,,21929.0,,,,,,,,,14568.0,,,,,17288.0,,,,15967.0,,,,17222.0,,,,,13327.0,,,,,,,,,15619.0,,,,,,,,,,,,,14636.0,,,
35,,,,,,,,,,,,,,17213.0,,,,,,,,,,,,,,,,18148.0,14812.0,,12959.0,14014,,,,,,17741.0,,,,14384.0,,,,22051.0,,,,,,,,,15635.0,,,,,18155.0,,,,16983.0,,,,17298.0,,,,,13516.0,,,,,,,,,16201.0,,,,,,,,,,,,,14909.0,,,
36,,,,,,,,,,,,,,17538.0,,,,,,,,,,,,,,,,,,,13081.0,14293,,,,,,,,,,14896.0,,,,22533.0,,,,,,,,,16668.0,,,,,18671.0,,,,17486.0,,,,,,,,,14389.0,,,,,,,,,,,,,,,,,,,,,,15031.0,,,
37,,,,,,,,,,,,,,19495.0,,,,,,,,,,,,,,,,,,,13254.0,14781,,,,,,,,,,15158.0,,,,22780.0,,,,,,,,,18137.0,,,,,19330.0,,,,17646.0,,,,,,,,,14411.0,,,,,,,,,,,,,,,,,,,,,,16044.0,,,
38,,,,,,,,,,,,,,19509.0,,,,,,,,,,,,,,,,,,,13322.0,14922,,,,,,,,,,15302.0,,,,23328.0,,,,,,,,,18205.0,,,,,20314.0,,,,,,,,,,,,,,,,,,,,,,,,,,,,,,,,,,,16204.0,,,
39,,,,,,,,,,,,,,,,,,,,,,,,,,,,,,,,,,15168,,,,,,,,,,15315.0,,,,24390.0,,,,,,,,,,,,,,21085.0,,,,,,,,,,,,,,,,,,,,,,,,,,,,,,,,,,,16821.0,,,
40,,,,,,,,,,,,,,,,,,,,,,,,,,,,,,,,,,15460,,,,,,,,,,,,,,24562.0,,,,,,,,,,,,,,21397.0,,,,,,,,,,,,,,,,,,,,,,,,,,,,,,,,,,,18017.0,,,
41,,,,,,,,,,,,,,,,,,,,,,,,,,,,,,,,,,15686,,,,,,,,,,,,,,25734.0,,,,,,,,,,,,,,22594.0,,,,,,,,,,,,,,,,,,,,,,,,,,,,,,,,,,,18288.0,,,
42,,,,,,,,,,,,,,,,,,,,,,,,,,,,,,,,,,15827,,,,,,,,,,,,,,25745.0,,,,,,,,,,,,,,,,,,,,,,,,,,,,,,,,,,,,,,,,,,,,,,,,,18409.0,,,
43,,,,,,,,,,,,,,,,,,,,,,,,,,,,,,,,,,15848,,,,,,,,,,,,,,,,,,,,,,,,,,,,,,,,,,,,,,,,,,,,,,,,,,,,,,,,,,,,,,,,,,
