Woopdang,True,TOP,Akali,159,30,86,14,17,231,6,4,3,17206,14353,0,7253,25518,7,3,16,0,1777,91,125,0,0,0,0,0,0
ACID RAIN,True,JUNGLE,FiddleSticks,40,97,89,11,16,37,12,3,11,15211,13648,0,16977,30263,0,3,48,0,1777,759,118,0,0,0,0,0,0
Serendipper,True,MIDDLE,Brand,61,120,71,15,16,145,8,5,8,15190,19696,0,1171,14640,11,2,18,0,1777,32,177,0,0,0,0,0,0
Frommoh,True,BOTTOM,Tristana,29,22,37,7,16,193,13,6,9,14781,20942,0,9695,22608,11,12,33,0,1777,43,177,0,0,0,0,0,0
MVPete,True,UTILITY,Nautilus,44,40,31,8,14,44,2,6,20,12321,10817,1283,2107,17885,38,9,81,0,1777,304,134,0,0,0,0,0,0
Vladymyr,False,TOP,Yone,216,56,40,6,16,192,4,4,5,15618,17680,0,2127,16288,8,2,29,0,1777,114,180,0,0,0,0,0,0
Mîeli,False,JUNGLE,Viego,120,74,45,11,14,37,5,7,3,12229,12002,0,12190,30561,15,6,38,0,1777,162,222,0,0,0,0,0,0
Nyixx,False,MIDDLE,Annie,154,39,52,45,14,132,2,9,7,12778,12378,990,1306,17158,9,1,18,0,1777,135,286,0,0,0,0,0,0
JoKing,False,BOTTOM,Vayne,109,0,20,7,13,141,6,13,5,11238,14878,0,1333,20615,9,1,12,0,1777,14,357,0,0,0,0,0,0
Ninja0fWarX,False,UTILITY,Velkoz,111,87,44,14,14,120,7,8,7,12512,17983,0,2228,18817,35,4,58,0,1777,250,200,0,0,0,0,0,0
MVPete,False,TOP,Gnar,108,18,34,6,14,121,4,7,2,11768,13033,0,3533,24735,12,2,32,0,1757,411,224,0,0,0,0,0,0
Frommoh,False,JUNGLE,Ivern,32,28,59,35,13,10,2,6,4,11306,6116,2870,5034,15648,5,0,14,0,1757,168,204,0,0,0,0,0,0
PIKACHUNG,False,MIDDLE,Sylas,56,47,98,14,14,145,6,9,0,12395,13285,0,3678,29938,7,0,11,0,1757,218,287,0,0,0,0,0,0
Levikkito,False,BOTTOM,Akshan,65,10,100,7,15,180,9,8,5,13790,16891,0,5697,22030,10,3,19,0,1757,2,247,0,0,0,0,0,0
Delteembro,False,UTILITY,Senna,51,30,18,3,13,69,3,9,8,10216,13868,479,6285,16881,21,7,52,0,1757,97,214,0,0,0,0,0,0
Tig Welder,True,TOP,Riven,251,38,83,13,15,157,1,4,10,14024,11899,0,2796,22842,10,3,25,0,1757,95,156,0,0,0,0,0,0
IFlukey,True,JUNGLE,Twitch,35,44,54,12,16,41,13,5,13,15052,25279,0,7934,20652,1,2,14,0,1757,381,168,0,0,0,0,0,0
MrGoonan,True,MIDDLE,Cassiopeia,117,21,302,9,16,172,11,6,9,15696,25637,0,6137,17866,12,1,23,0,1757,204,164,0,0,0,0,0,0
KyaHäHä,True,BOTTOM,MissFortune,72,95,21,9,16,219,8,5,7,15378,10561,0,2033,13310,9,2,19,0,1757,64,129,0,0,0,0,0,0
dlmadgirl,True,UTILITY,Lux,34,48,94,14,14,30,6,4,15,12125,16141,2189,892,9822,26,5,48,0,1757,180,71,0,0,0,0,0,0
mpowergogogo,True,TOP,Malphite,150,164,145,20,18,257,5,6,18,26113,32296,0,7566,36926,17,2,28,0,2888,886,267,0,0,0,0,0,0
STUCKCAPLOCK,True,JUNGLE,Kayn,173,106,76,23,18,114,7,9,19,23711,34812,0,37444,74057,11,2,39,0,2888,377,371,0,0,0,0,0,0
purefilth,True,MIDDLE,Akshan,153,62,235,22,18,212,16,14,14,24333,52396,0,9284,39144,13,3,29,0,2888,99,547,0,0,0,0,0,0
Fletty,True,BOTTOM,Veigar,240,191,66,18,18,220,18,8,14,25638,54259,0,8133,29200,15,3,45,0,2888,201,245,0,0,0,0,0,0
AloneMoon,True,UTILITY,Senna,99,50,28,14,18,42,10,10,31,19793,28666,5391,20849,36870,38,10,90,0,2888,594,335,0,0,0,0,0,0
MAEDDUGl,False,TOP,Garen,181,31,169,15,18,329,14,9,9,30127,50417,0,10633,66101,19,3,48,0,2888,638,402,0,0,0,0,0,0
Frommoh,False,JUNGLE,Ekko,170,58,111,14,18,62,14,13,6,19493,38062,0,22762,56422,7,4,34,0,2888,553,498,0,0,0,0,0,0
God Player,False,MIDDLE,Kennen,158,63,126,13,18,229,7,5,8,19197,38601,0,4823,26870,7,0,12,0,2888,55,191,0,0,0,0,0,0
BOSSBABYJENJEN,False,BOTTOM,MissFortune,106,131,48,11,17,200,5,15,12,17712,24915,0,3718,32314,13,2,23,0,2888,212,475,0,0,0,0,0,0
Decaying,False,UTILITY,Leona,73,35,64,22,18,72,7,14,18,18644,21556,0,6002,62061,31,14,87,0,2888,177,514,0,0,0,0,0,0
liquisha,True,TOP,Garen,58,15,46,7,15,165,7,2,4,13364,19541,0,5416,21285,1,0,1,0,1344,163,47,0,0,0,0,0,0
UnoGxd,True,JUNGLE,DrMundo,162,46,87,5,12,14,6,2,6,9768,7857,0,15567,16021,7,1,16,0,1344,339,41,0,0,0,0,0,0
ThìcccEmprèss,True,MIDDLE,Qiyana,83,87,20,7,13,100,14,4,6,9980,20973,0,1811,11328,4,3,20,0,1344,126,87,0,0,0,0,0,0
Tirawr xD,True,BOTTOM,Jhin,62,29,18,13,12,117,5,3,8,9308,10605,0,4304,10904,7,0,9,0,1344,40,105,0,0,0,0,0,0
Darnell DeShawn,True,UTILITY,Bard,33,20,17,6,11,7,3,4,13,7563,6277,514,2268,10187,17,4,40,0,1344,91,119,0,0,0,0,0,0
Frommoh,False,TOP,Renekton,42,27,42,6,12,134,2,7,2,9722,9401,0,2520,20357,3,0,13,0,1344,36,216,0,0,0,0,0,0
paramee,False,JUNGLE,Khazix,86,58,28,12,10,17,2,8,4,7215,9427,0,8571,24262,2,5,15,0,1344,285,193,0,0,0,0,0,0
DÅGGERS,False,MIDDLE,Zed,51,52,57,13,12,129,6,9,0,9459,11559,0,979,17273,3,0,7,0,1344,106,246,0,0,0,0,0,0
Billington,False,BOTTOM,Kaisa,41,31,31,6,10,97,3,5,2,7294,8670,0,1571,9387,2,1,2,0,1344,1,108,0,0,0,0,0,0
Nightmoon20,False,JUNGLE,Lux,30,19,65,5,10,14,2,6,5,6558,8981,1231,0,7581,13,0,22,0,1344,125,122,0,0,0,0,0,0
Frommoh,True,TOP,Nasus,168,40,62,10,17,194,5,7,6,16830,23845,0,3243,31717,4,2,10,0,1898,1682,224,0,0,0,0,0,0
ArtoriasAbysWlkr,True,JUNGLE,Trundle,167,74,38,12,16,23,9,6,18,15791,20382,0,16500,36420,10,2,24,0,1898,444,179,0,0,0,0,0,0
Fart guy,True,MIDDLE,Lux,92,37,233,13,17,172,12,3,11,17190,25619,2222,1743,13790,9,1,22,0,1898,555,94,0,0,0,0,0,0
COCAINEBABY,True,BOTTOM,Jhin,95,47,30,36,16,160,20,6,10,15710,31798,0,5495,20513,8,1,14,0,1898,164,177,0,0,0,0,0,0
yellow peril,True,UTILITY,Morgana,66,68,16,7,16,46,5,5,23,16399,18834,797,8694,21538,17,2,37,0,1898,101,94,0,0,0,0,0,0
Beatus My Meatus,False,TOP,Riven,323,59,96,19,16,191,5,6,7,15063,21593,0,6647,29853,8,1,22,0,1898,173,188,0,0,0,0,0,0
AlexSynthesis1,False,JUNGLE,Kindred,146,47,53,6,15,33,6,11,7,13756,15656,0,18805,37128,2,3,19,0,1898,241,329,0,0,0,0,0,0
E3calibur,False,MIDDLE,Syndra,166,145,39,10,17,218,10,9,7,16501,32863,0,1172,20648,6,2,14,0,1898,236,320,0,0,0,0,0,0
L Ø N G B O I,False,BOTTOM,Jax,54,114,34,12,14,170,5,13,4,12447,16012,0,8576,35363,10,1,15,0,1898,66,316,0,0,0,0,0,0
Yamsny,False,UTILITY,Taric,78,47,49,5,13,52,1,13,13,11187,7855,3661,6796,26367,15,5,40,0,1898,75,264,0,0,0,0,0,0
Frommoh,True,TOP,LeeSin,114,115,155,10,18,166,11,7,15,18706,27138,558,9895,36086,12,3,26,0,2013,465,177,0,0,0,0,0,0
Thornstar9,True,JUNGLE,Poppy,109,17,53,7,16,17,6,6,9,15348,11352,0,8158,24268,0,5,20,0,2013,713,163,0,0,0,0,0,0
Snow061097,True,MIDDLE,Yone,290,57,45,10,18,172,15,6,8,18398,25375,0,6614,27199,11,1,22,0,2013,168,182,0,0,0,0,0,0
Talbugdaxhi,True,BOTTOM,Lucian,75,41,41,10,15,175,9,5,7,14496,10922,0,4853,21377,10,1,18,0,2013,1,134,0,0,0,0,0,0
twinkykinky,True,UTILITY,Zyra,142,155,62,22,16,56,13,10,17,14716,37075,0,1018,20309,27,8,67,0,2013,138,321,0,0,0,0,0,0
PANTS OFF ,False,TOP,Quinn,60,20,35,29,16,200,9,7,6,16228,20767,0,3969,20115,11,3,24,0,2013,185,220,0,0,0,0,0,0
Jawsee,False,JUNGLE,MasterYi,59,6,42,12,13,22,7,13,7,11213,16847,0,8112,30103,12,1,19,0,2013,129,380,0,0,0,0,0,0
Pet Wheelchair,False,MIDDLE,Akshan,139,26,146,4,16,133,11,9,6,15792,28726,0,5671,26015,9,0,14,0,2013,21,299,0,0,0,0,0,0
Crucks,False,BOTTOM,Vayne,122,0,17,11,14,160,4,13,8,12927,13905,0,6851,28620,7,1,11,0,2013,57,310,0,0,0,0,0,0
SaltyAFSpartan,False,UTILITY,Maokai,37,16,118,11,13,28,3,12,10,11022,24869,0,5011,25934,25,4,49,0,2013,500,257,0,0,0,0,0,0
Miilk,True,TOP,Garen,23,6,19,1,8,55,2,2,0,4601,4916,0,234,5827,4,0,6,0,619,53,35,0,0,0,0,0,0
Sebek,True,JUNGLE,Viego,48,31,8,0,7,0,1,0,0,3405,400,0,3445,6365,3,0,8,0,619,127,0,0,0,0,0,0,0
ChadeHdKnC,True,MIDDLE,Ryze,47,6,66,0,9,92,0,0,0,5154,777,0,0,1290,1,0,1,0,619,10,0,0,0,0,0,0,0
Theo like you,True,BOTTOM,Ezreal,73,16,7,0,6,57,5,1,1,3005,6803,0,1050,4434,3,0,3,0,619,0,14,0,0,0,0,0,0
paolo002,True,UTILITY,Leona,14,11,6,1,6,13,1,1,5,2951,1670,0,204,3703,5,0,4,0,619,14,12,0,0,0,0,0,0
Frommoh,False,TOP,Renekton,25,13,20,2,8,59,0,2,2,4550,3633,0,1218,6307,2,0,1,0,619,15,33,0,0,0,0,0,0
GuukLord,False,JUNGLE,MasterYi,26,0,12,2,7,6,2,2,0,3904,2056,0,2609,6189,3,0,5,0,619,66,26,0,0,0,0,0,0
Checo,False,Invalid,Lissandra,0,0,0,0,1,0,0,0,0,0,0,0,0,0,0,0,0,0,619,0,0,0,0,0,0,0,0
Be kind rewind,False,BOTTOM,MissFortune,22,11,6,1,6,67,1,2,0,2878,3092,0,886,4109,0,0,0,0,619,12,6,0,0,0,0,0,0
SaltyAFSpartan,False,UTILITY,Braum,11,1,5,2,6,13,1,3,1,2578,1937,218,56,4544,4,0,5,0,619,29,34,0,0,0,0,0,0
Illusive KZ,False,TOP,MonkeyKing,97,16,67,19,16,186,5,4,6,16106,17969,0,4975,26102,6,1,15,0,1785,75,165,0,0,0,0,0,0
NÅV,False,JUNGLE,Nocturne,86,31,29,15,13,41,2,7,8,11303,8027,0,11724,30057,6,5,27,0,1785,536,192,0,0,0,0,0,0
sad cos bad,False,MIDDLE,Annie,100,61,41,120,15,129,10,4,7,13250,22517,1731,647,15760,15,4,39,0,1785,158,159,0,0,0,0,0,0
cheeser,False,BOTTOM,Xayah,65,29,42,5,14,158,8,8,3,11506,16218,0,4808,21504,10,3,20,0,1785,18,197,0,0,0,0,0,0
Professor Jihad,False,UTILITY,Rakan,37,35,38,8,13,30,2,9,9,10503,6218,2988,2547,18270,19,8,42,0,1785,64,233,0,0,0,0,0,0
MVPete,True,TOP,Gnar,138,27,44,12,15,145,3,7,6,14189,13328,0,4928,25979,12,1,30,0,1785,578,252,0,0,0,0,0,0
Frommoh,True,JUNGLE,Diana,104,56,73,11,15,40,8,9,10,14602,17114,0,6364,26518,5,7,28,0,1785,198,264,0,0,0,0,0,0
OOOrange,True,MIDDLE,Orianna,101,89,46,8,15,124,0,4,17,13532,12765,1817,44,9955,9,1,30,0,1785,193,139,0,0,0,0,0,0
Kïmchï,True,BOTTOM,Kaisa,89,39,37,6,15,193,14,4,10,14591,20151,0,7379,17840,8,1,14,0,1785,22,129,0,0,0,0,0,0
Horoseki,True,UTILITY,Xerath,91,52,34,32,14,52,7,3,14,12987,24165,0,809,12247,27,5,54,0,1785,157,64,0,0,0,0,0,0
MVPete,True,TOP,Urgot,71,95,34,14,17,151,8,7,8,17342,14126,0,3851,27999,15,5,41,0,1882,507,215,0,0,0,0,0,0
Frommoh,True,JUNGLE,JarvanIV,74,57,62,16,16,27,4,7,21,15470,12957,0,7069,30168,4,5,27,0,1882,382,259,0,0,0,0,0,0
cted,True,MIDDLE,Tristana,47,49,50,8,18,191,17,4,8,18533,32892,0,8245,22450,9,2,25,0,1882,143,149,0,0,0,0,0,0
iPsykosis,True,BOTTOM,Samira,123,12,22,4,14,165,4,8,7,12752,9697,0,2464,17649,9,0,12,0,1882,10,223,0,0,0,0,0,0
StepSisIsStuck,True,UTILITY,Lux,53,50,147,17,16,44,11,3,12,14915,17771,3303,647,9430,17,7,48,0,1882,185,98,0,0,0,0,0,0
fletso,False,TOP,Lulu,70,53,27,7,17,194,14,9,3,17949,32133,264,5603,27069,9,1,15,0,1882,461,287,0,0,0,0,0,0
T1meRid3r,False,JUNGLE,Kindred,131,55,53,3,14,41,8,10,2,12684,15860,0,11029,29498,9,3,22,0,1882,152,381,0,0,0,0,0,0
EvilXno8,False,MIDDLE,Orianna,122,69,33,10,14,175,3,8,2,12069,14279,190,1721,17927,10,3,24,0,1882,276,264,0,0,0,0,0,0
LongLostPal,False,UTILITY,Janna,77,49,55,5,13,13,1,8,11,10223,7968,4113,3844,17075,14,4,29,0,1882,161,260,0,0,0,0,0,0
TheRapfin,False,BOTTOM,Vayne,88,0,15,7,14,167,3,9,5,11967,16485,0,3462,18575,12,2,23,0,1882,77,247,0,0,0,0,0,0
Slurpie,False,TOP,Irelia,253,25,70,8,17,240,10,6,3,18163,24365,0,6287,30390,13,2,27,0,1910,107,244,0,0,0,0,0,0
Blighted Angel,False,JUNGLE,Nidalee,251,198,142,245,15,25,13,10,5,13562,29697,0,13786,35859,2,5,20,0,1910,142,316,0,0,0,0,0,0
SuperrL,False,MIDDLE,Zed,75,51,61,16,15,145,8,12,6,14175,18412,0,1508,27468,8,1,14,0,1910,113,382,0,0,0,0,0,0
LISR007,False,BOTTOM,Samira,162,18,21,7,16,235,7,3,9,15033,20007,0,7565,26743,7,0,9,0,1910,0,73,0,0,0,0,0,0
keiiro,False,UTILITY,Seraphine,62,47,50,5,13,14,2,8,15,10885,11959,1747,4548,18030,31,5,67,0,1910,130,196,0,0,0,0,0,0
MVPete,True,TOP,Gnar,157,31,56,12,18,179,6,4,11,19290,20168,0,11601,32340,12,4,31,0,1910,567,122,0,0,0,0,0,0
Frommoh,True,JUNGLE,Karthus,436,34,141,7,16,52,12,9,15,16464,34600,0,10309,31025,2,1,10,0,1910,205,261,0,0,0,0,0,0
cted,True,MIDDLE,Akshan,135,19,120,11,16,147,11,8,6,14882,23498,0,5752,24852,9,1,15,0,1910,62,287,0,0,0,0,0,0
2 Jay Cee,True,BOTTOM,Ashe,11,68,17,13,14,156,4,7,7,12211,10836,0,2944,19862,6,3,17,0,1910,610,237,0,0,0,0,0,0
Vynlerian,True,UTILITY,Brand,65,73,55,10,14,68,6,12,9,11880,23902,0,1599,22742,34,7,74,0,1910,36,297,0,0,0,0,0,0
Frommoh,True,TOP,Nasus,190,25,61,11,18,195,9,8,9,18399,26228,0,5146,41897,5,5,25,0,1935,876,208,0,0,0,0,0,0
Project B,True,JUNGLE,Nocturne,82,22,46,18,15,36,10,6,8,13940,15828,0,15284,38602,8,4,24,0,1935,541,248,0,0,0,0,0,0
cted,True,MIDDLE,Orianna,167,100,46,11,16,193,3,8,11,15823,19733,723,1691,21358,11,1,20,0,1935,472,278,0,0,0,0,0,0
jinxy mittens,True,BOTTOM,Jhin,70,38,42,24,15,152,6,4,13,14606,12496,0,4765,14322,6,1,10,0,1935,105,157,0,0,0,0,0,0
LuannyUWU,True,UTILITY,Lux,48,31,162,15,15,60,9,5,14,14066,20597,2669,1207,12948,25,9,63,0,1935,201,185,0,0,0,0,0,0
zellon,False,TOP,Riven,276,66,85,25,17,227,8,6,5,16803,23609,0,4005,29358,9,1,15,0,1935,133,201,0,0,0,0,0,0
GymRat,False,JUNGLE,XinZhao,88,107,0,8,16,45,11,9,6,15477,22890,0,15720,36829,8,7,27,0,1935,415,254,0,0,0,0,0,0
zora1,False,MIDDLE,Zoe,261,24,40,35,16,172,5,9,11,16432,29870,0,3431,24118,11,4,30,0,1935,178,345,0,0,0,0,0,0
8Scope,False,BOTTOM,KogMaw,40,28,33,18,16,203,6,7,8,14909,21798,0,4840,20910,8,2,14,0,1935,279,210,0,0,0,0,0,0
DR4C0,False,UTILITY,Lulu,61,59,90,10,14,10,1,7,10,12243,2686,6424,1743,17183,28,2,63,0,1935,286,207,0,0,0,0,0,0
psonchode,True,TOP,Mordekaiser,108,39,50,12,16,136,4,10,10,15499,22475,0,7075,29589,10,2,21,0,2033,46,322,0,0,0,0,0,0
chocopie203,True,JUNGLE,LeeSin,189,135,157,14,16,28,7,4,21,16188,21904,802,15390,38570,15,4,40,0,2033,497,121,0,0,0,0,0,0
Accidentaally,True,MIDDLE,Veigar,118,64,32,13,17,111,16,11,7,17437,30885,0,622,23971,11,2,20,0,2033,83,363,0,0,0,0,0,0
VoidShifter,True,BOTTOM,Akshan,96,13,195,14,17,189,25,7,7,18056,37696,0,3677,22006,10,6,27,0,2033,107,242,0,0,0,0,0,0
Obscure Gayness,True,UTILITY,Blitzcrank,36,41,31,12,16,35,8,5,17,14826,14506,0,2013,23012,24,5,66,0,2033,130,163,0,0,0,0,0,0
Frommoh,False,TOP,TahmKench,104,33,21,17,15,133,7,12,12,13741,24950,0,10047,46951,6,3,25,0,2033,1041,413,0,0,0,0,0,0
Kai is monster,False,JUNGLE,Malphite,107,86,105,12,16,25,12,9,5,15971,24985,0,7253,30779,10,1,20,0,2033,938,244,0,0,0,0,0,0
theshoe1,False,MIDDLE,Syndra,122,76,47,10,13,114,5,14,9,11422,18658,0,974,23604,6,0,7,0,2033,224,451,0,0,0,0,0,0
Vibronic Cougar,False,BOTTOM,MissFortune,65,53,40,4,15,180,4,11,4,13830,13673,0,4704,22705,18,2,36,0,2033,185,264,0,0,0,0,0,0
ÐFMystic,False,UTILITY,Brand,72,63,59,11,15,65,9,14,5,13475,23293,0,0,25884,28,8,63,0,2033,54,433,0,0,0,0,0,0
Frommoh,True,TOP,TahmKench,95,25,10,12,14,152,3,4,7,12825,15375,0,6534,20683,4,1,12,0,1378,808,134,0,0,0,0,0,0
cted,True,JUNGLE,MasterYi,72,9,37,7,14,30,11,4,8,13004,20158,0,10115,23891,2,2,19,0,1378,210,95,0,0,0,0,0,0
Lyinkx,True,MIDDLE,Akali,95,14,37,13,14,123,8,6,2,11927,14601,0,3862,19020,5,0,8,0,1378,57,71,0,0,0,0,0,0
TheFlowerPotMan,True,BOTTOM,Jhin,58,33,22,14,14,154,7,3,12,11473,21256,0,2597,7599,6,2,11,0,1378,90,75,0,0,0,0,0,0
HarrisonSmith,True,UTILITY,Swain,34,39,54,10,12,29,4,4,12,8857,16470,0,3445,13096,14,3,32,0,1378,162,104,0,0,0,0,0,0
101 Demacians,False,TOP,Renekton,55,42,65,6,13,116,6,3,1,10943,10352,0,4900,22320,9,1,22,0,1378,50,75,0,0,0,0,0,0
2 Fast 2 Fiddle,False,JUNGLE,Udyr,66,45,88,68,12,26,4,8,5,9096,9873,0,7648,25357,5,7,23,0,1378,135,206,0,0,0,0,0,0
DYN Nuguri,False,MIDDLE,Sylas,50,52,128,21,13,135,10,7,5,11148,21847,0,7320,26805,6,2,14,0,1378,314,218,0,0,0,0,0,0
10millaGorilla,False,BOTTOM,Vayne,70,0,8,4,11,100,0,7,5,7859,8174,0,3198,15946,7,0,10,0,1378,16,111,0,0,0,0,0,0
poppy sucks,False,UTILITY,Morgana,36,38,17,4,11,24,1,8,7,7738,6859,1232,908,12101,11,0,18,0,1378,66,148,0,0,0,0,0,0
S00N,True,TOP,Jax,70,117,115,9,17,158,11,3,8,16735,20777,0,13417,34249,9,7,27,0,2055,159,77,0,0,0,0,0,0
aceeee,True,MIDDLE,Fizz,46,109,108,14,17,177,12,2,15,17216,33262,0,4726,20231,11,5,26,0,2055,228,60,0,0,0,0,0,0
yaluni,True,JUNGLE,Ekko,118,43,81,7,16,17,5,5,20,15246,19933,0,17395,35171,3,4,21,0,2055,324,107,0,0,0,0,0,0
Hassa,True,BOTTOM,Sivir,112,68,22,11,16,183,5,6,14,14900,25349,0,4696,15731,12,5,32,0,2055,46,163,0,0,0,0,0,0
Viking,True,UTILITY,Nami,28,54,40,10,14,24,2,6,21,11943,8134,2251,17922,15891,28,15,80,0,2055,138,163,0,0,0,0,0,0
ALL EYES ON ME02,False,TOP,Rengar,164,113,91,12,16,210,11,5,0,14997,24537,0,13677,40992,10,1,30,0,2055,115,232,0,0,0,0,0,0
Taytes,False,JUNGLE,Trundle,152,59,22,7,14,16,0,3,7,12024,6381,0,12508,26033,6,5,31,0,2055,386,81,0,0,0,0,0,0
Discount Faker,False,MIDDLE,Diana,96,49,30,12,15,178,4,10,6,14042,28124,0,536,22647,14,1,26,0,2055,45,358,0,0,0,0,0,0
cted,False,BOTTOM,Tristana,39,31,40,9,14,190,7,9,1,12365,22228,0,6015,24724,6,2,13,0,2055,98,296,0,0,0,0,0,0
Frommoh,False,UTILITY,Nautilus,29,25,32,12,11,32,0,8,11,8020,7925,1422,420,20091,31,7,67,0,2055,265,210,0,0,0,0,0,0
SKStriker,True,TOP,Malzahar,48,61,38,2,9,93,2,2,0,5898,3107,0,212,3703,3,0,4,0,919,150,48,0,0,0,0,0,0
ChineseFaker69,True,JUNGLE,Nunu,51,38,119,1,9,14,2,1,6,5881,4308,0,9448,14320,3,0,7,0,919,251,14,0,0,0,0,0,0
baGs1,True,MIDDLE,Akshan,29,0,48,3,9,56,5,4,5,5416,7710,0,1879,9429,4,0,2,0,919,0,57,0,0,0,0,0,0
cted,True,BOTTOM,Jhin,38,24,17,12,10,108,7,2,3,6735,9022,0,2613,7495,4,0,4,0,919,64,11,0,0,0,0,0,0
Frommoh,True,UTILITY,Gragas,51,16,20,2,7,20,1,3,7,3565,2823,0,1989,8249,5,1,13,0,919,71,49,0,0,0,0,0,0
LaZy MoNkeY zzZz,False,TOP,Kennen,42,13,18,4,11,122,2,1,3,7793,3991,0,974,5243,5,0,6,0,919,16,32,0,0,0,0,0,0
SausageRoll,False,JUNGLE,Hecarim,107,21,24,2,9,13,3,4,2,5726,5587,0,6419,13925,5,1,11,0,919,89,56,0,0,0,0,0,0
Toe N Feet,False,MIDDLE,Graves,29,12,15,5,10,82,5,6,2,6522,13615,0,1667,12255,7,1,12,0,919,119,130,0,0,0,0,0,0
Hwaryun,False,BOTTOM,Kaisa,3,0,0,0,2,7,0,1,0,337,206,0,190,1091,1,0,1,0,919,0,8,0,0,0,0,0,0
EasterStitch,False,UTILITY,Seraphine,37,9,21,2,8,47,2,5,0,4959,3164,57,0,4936,5,0,6,0,919,64,75,0,0,0,0,0,0
Minato,False,TOP,Teemo,28,19,0,32,12,114,2,5,2,8735,12605,0,2056,10827,7,2,13,0,1241,274,116,0,0,0,0,0,0
Frommoh,False,JUNGLE,Graves,46,25,22,4,10,37,7,7,9,6869,12060,0,3219,17990,3,0,10,0,1241,285,159,0,0,0,0,0,0
Grulllz,False,MIDDLE,Sejuani,29,53,15,7,10,66,5,11,6,6932,15452,0,1963,20982,5,0,7,0,1241,88,214,0,0,0,0,0,0
cope,False,BOTTOM,Samira,66,14,22,10,11,108,7,9,5,7911,16751,0,4208,19920,4,2,7,0,1241,1,145,0,0,0,0,0,0
Lsmith96,False,UTILITY,Rakan,41,31,52,5,10,25,3,10,10,6470,6988,2702,2824,16691,14,2,23,0,1241,44,156,0,0,0,0,0,0
ThatGuyIsAndy,True,TOP,Renekton,45,20,52,6,14,145,5,1,1,12391,6528,0,4169,15187,6,3,15,0,1241,18,10,0,0,0,0,0,0
DRKO,True,JUNGLE,Kayn,131,52,35,11,13,19,9,1,8,11298,16097,0,17216,26161,3,0,13,0,1241,286,41,0,0,0,0,0,0
Daddy Simo,True,MIDDLE,Yasuo,148,13,55,4,12,88,5,7,5,9115,10886,0,1622,15381,7,3,21,0,1241,78,154,0,0,0,0,0,0
randomhukleberry,True,UTILITY,Senna,40,27,13,3,10,27,8,8,10,7021,15207,637,5702,13708,8,4,27,0,1241,134,147,0,0,0,0,0,0
HoldMyDagger,True,UTILITY,Vayne,84,0,9,6,12,100,15,7,7,8888,24907,0,6941,18025,4,4,16,0,1241,34,154,0,0,0,0,0,0
i miss dad,False,TOP,TahmKench,122,28,7,10,17,206,7,3,8,16556,18803,0,12855,33062,15,1,28,0,2124,1081,78,0,0,0,0,0,0
Frommoh,False,JUNGLE,XinZhao,83,107,0,11,16,58,6,6,11,16013,20187,0,22200,45333,7,1,24,0,2124,589,224,0,0,0,0,0,0
Chef Nam,False,MIDDLE,Leblanc,86,154,36,24,16,161,10,7,5,15079,17846,0,5063,28131,15,1,34,0,2124,29,257,0,0,0,0,0,0
fleee,False,BOTTOM,Ezreal,352,62,34,17,15,150,5,6,6,14676,22794,0,4841,24880,10,3,20,0,2124,198,127,0,0,0,0,0,0
Gavin Smavin,False,UTILITY,Zilean,204,81,92,9,15,61,2,6,11,13178,15104,889,6184,20600,29,3,49,0,2124,142,233,0,0,0,0,0,0
Lemmiwinkkz,True,TOP,Gnar,148,31,36,9,17,205,2,5,4,17486,20851,0,4744,26980,11,5,38,0,2124,626,132,0,0,0,0,0,0
Troublegum,True,JUNGLE,LeeSin,186,154,126,10,15,30,3,7,5,14495,10711,128,10157,32439,15,3,32,0,2124,461,210,0,0,0,0,0,0
MrIceCreamBox,True,MIDDLE,Ahri,94,76,61,38,17,155,10,3,5,18135,32816,0,2624,17263,9,1,15,0,2124,120,119,0,0,0,0,0,0
Theonlypr0,True,BOTTOM,Draven,93,166,18,12,17,237,2,8,8,17382,26915,0,3476,33908,9,0,14,0,2124,69,251,0,0,0,0,0,0
hypeothermia,True,UTILITY,Brand,63,76,47,6,16,53,11,7,4,15299,31777,0,4271,20823,17,2,33,0,2124,40,230,0,0,0,0,0,0
Kp101,True,TOP,Garen,76,19,48,5,15,166,6,3,3,13704,13685,0,1178,15070,6,2,11,0,1399,196,83,0,0,0,0,0,0
korozs,True,JUNGLE,Shyvana,95,72,87,9,13,10,7,5,7,11179,13825,0,8008,23853,9,1,18,0,1399,229,99,0,0,0,0,0,0
MalteseMario,True,MIDDLE,Yone,205,52,35,6,15,166,8,6,3,13149,19936,0,2789,18261,7,4,15,0,1399,114,128,0,0,0,0,0,0
XenoOCE,True,BOTTOM,Yasuo,222,14,86,6,13,148,12,10,7,10205,23528,0,7855,24902,6,1,11,0,1399,158,196,0,0,0,0,0,0
izy,True,UTILITY,Nautilus,38,28,32,6,12,29,3,8,17,9434,11119,0,220,13894,18,4,41,0,1399,376,115,0,0,0,0,0,0
xtraicy,False,MIDDLE,Irelia,119,24,53,4,13,148,3,7,7,10686,8306,0,1672,17620,11,1,25,0,1399,53,152,0,0,0,0,0,0
Frommoh,False,JUNGLE,LeeSin,140,77,92,8,12,26,9,8,9,9013,14143,752,8093,27344,7,2,15,0,1399,349,189,0,0,0,0,0,0
M4dCh4mp,False,TOP,Kayle,53,28,81,5,13,125,6,7,3,10628,13109,0,1999,19115,8,2,15,0,1399,220,220,0,0,0,0,0,0
A Soul for A Sol,False,BOTTOM,Xayah,40,26,41,4,11,94,4,8,7,7719,10672,0,2819,16086,7,0,10,0,1399,19,139,0,0,0,0,0,0
Premiumz,False,UTILITY,Blitzcrank,27,28,38,7,12,19,10,6,13,8923,9126,177,583,17692,10,1,15,0,1399,105,105,0,0,0,0,0,0
Zabozala,True,TOP,Nasus,263,21,25,7,18,233,13,3,6,21876,34529,0,10164,43507,5,2,11,0,2054,530,148,0,0,0,0,0,0
Nutty Morty,True,JUNGLE,Shaco,59,90,82,22,17,25,11,5,14,17348,24235,0,8996,30098,3,6,39,0,2054,657,177,0,0,0,0,0,0
Xiangxin nI,True,MIDDLE,Katarina,69,64,0,10,15,154,7,14,6,14582,19503,0,3602,32773,10,0,13,0,2054,0,485,0,0,0,0,0,0
GuffyTheDragon,True,BOTTOM,Jhin,62,33,53,20,16,213,9,9,6,16083,22746,0,3941,22737,9,0,17,0,2054,145,375,0,0,0,0,0,0
Premiumz,True,UTILITY,Lux,52,24,133,7,16,48,5,5,12,15197,20394,3194,1274,11922,23,7,58,0,2054,245,99,0,0,0,0,0,0
MVPete,False,TOP,Gnar,150,38,46,16,16,196,2,9,5,15577,21120,0,5001,34328,13,2,30,0,2054,792,326,0,0,0,0,0,0
Frommoh,False,JUNGLE,XinZhao,86,105,0,16,17,47,14,8,10,17305,32839,0,21141,46121,4,6,37,0,2054,442,271,0,0,0,0,0,0
CACHABACCC,False,MIDDLE,Brand,53,108,76,14,17,173,9,11,9,16994,34953,0,3995,28031,8,2,17,0,2054,39,360,0,0,0,0,0,0
Bags For 200,False,BOTTOM,Vayne,60,0,13,5,15,197,2,7,7,13752,17121,0,5459,19277,14,1,30,0,2054,10,245,0,0,0,0,0,0
RedYs,False,UTILITY,Pyke,45,80,60,13,14,42,9,10,7,12312,14257,0,5151,27123,26,8,60,0,2054,121,353,0,0,0,0,0,0
MVPete,False,TOP,Gnar,124,22,36,10,14,157,3,6,6,12112,15716,0,3689,22512,9,1,18,0,1616,607,180,0,0,0,0,0,0
Frommoh,False,JUNGLE,Nocturne,79,18,28,18,13,32,9,10,4,10032,15626,0,9278,32161,6,3,21,0,1616,517,245,0,0,0,0,0,0
HentaiBabby,False,MIDDLE,Akali,113,21,50,18,12,102,6,4,7,9771,22137,0,7280,26251,8,0,14,0,1616,33,109,0,0,0,0,0,0
Revicoon,False,BOTTOM,Caitlyn,53,47,19,4,12,89,4,8,9,8895,14448,0,3823,16361,9,3,17,0,1616,51,159,0,0,0,0,0,0
Grimo04,False,UTILITY,Leona,40,25,22,11,11,33,3,10,14,8524,9921,675,505,22499,24,3,40,0,1616,110,274,0,0,0,0,0,0
Godzila,True,TOP,Volibear,30,49,60,5,14,134,7,3,9,12657,19456,0,4424,17564,9,2,24,0,1616,272,89,0,0,0,0,0,0
bomber324,True,JUNGLE,XinZhao,97,101,0,12,16,60,16,2,9,16150,26987,0,20167,32029,4,2,28,0,1616,434,59,0,0,0,0,0,0
lokloklok726,True,MIDDLE,Sylas,85,35,91,24,14,111,7,8,15,11843,19815,0,2773,23154,6,3,12,0,1616,375,253,0,0,0,0,0,0
AC Cherry,True,BOTTOM,Ashe,9,41,6,7,13,129,5,9,17,10303,14114,0,3169,17919,7,1,15,0,1616,480,212,0,0,0,0,0,0
Nzna,True,UTILITY,Nautilus,43,35,32,8,14,38,3,3,25,11508,11913,487,693,13645,15,2,33,0,1616,339,65,0,0,0,0,0,0
WannaTussle,True,TOP,Illaoi,32,37,17,4,13,149,5,2,0,10691,10218,0,2859,11129,3,0,4,0,1113,21,16,0,0,0,0,0,0
Walden,True,JUNGLE,XinZhao,50,62,0,3,10,15,6,3,1,7098,7576,0,7562,14120,7,5,27,0,1113,336,72,0,0,0,0,0,0
Closeto,True,MIDDLE,Yone,161,38,22,5,13,139,4,0,8,10624,7314,0,2108,7739,4,2,10,0,1113,97,0,0,0,0,0,0,0
Mònster,True,BOTTOM,Vayne,49,0,7,3,10,91,3,4,4,6218,4917,0,1665,7381,3,1,4,0,1113,7,85,0,0,0,0,0,0
Samthepharmacist,True,UTILITY,Zyra,35,41,32,5,9,27,2,3,7,5522,8047,0,0,6151,13,2,34,0,1113,152,72,0,0,0,0,0,0
XP Hype,False,TOP,Ornn,46,27,15,4,11,77,0,2,3,8234,4095,0,174,8721,2,0,7,0,1113,302,21,0,0,0,0,0,0
ĄËłØÙ,False,JUNGLE,Khazix,88,50,20,8,10,19,3,4,2,6649,3107,0,8626,17295,9,0,23,0,1113,103,85,0,0,0,0,0,0
sekiruu,False,MIDDLE,Ryze,111,37,159,2,11,127,2,4,0,8347,6293,0,0,8904,7,0,9,0,1113,66,88,0,0,0,0,0,0
Frommoh,False,BOTTOM,Sivir,52,29,9,6,10,132,6,5,3,6294,9822,0,1873,8840,6,2,13,0,1113,0,86,0,0,0,0,0,0
MVPete,False,UTILITY,Nautilus,23,21,13,5,9,24,1,5,8,6048,6144,200,0,10069,18,2,32,0,1113,165,88,0,0,0,0,0,0
Ricklol,True,TOP,Shen,106,18,30,7,15,137,3,5,21,14116,10489,2213,1583,20380,7,1,12,0,1593,224,171,0,0,0,0,0,0
poo eater cringe,True,JUNGLE,Nocturne,109,19,41,20,15,17,14,3,12,14508,22450,0,15363,31114,8,3,21,0,1593,774,75,0,0,0,0,0,0
hate girl die,True,MIDDLE,Akali,109,40,88,22,14,93,13,6,11,11478,27955,0,5173,22765,4,0,11,0,1593,38,201,0,0,0,0,0,0
ReillyEEEEEEE,True,BOTTOM,Jinx,57,39,10,4,14,168,9,2,15,12932,20114,0,3445,15783,3,3,6,0,1593,67,27,0,0,0,0,0,0
ThomasGuy,True,UTILITY,Braum,64,12,24,8,14,30,5,1,16,11496,9491,2238,2921,15038,20,3,54,0,1593,128,21,0,0,0,0,0,0
MVPete,False,TOP,Gnar,109,23,41,7,14,147,1,7,4,12143,12893,0,2813,24715,8,2,22,0,1593,460,245,0,0,0,0,0,0
Frommoh,False,JUNGLE,Diana,76,44,47,8,12,30,6,11,2,9537,13912,0,4164,24484,2,1,12,0,1593,135,301,0,0,0,0,0,0
XLord KratosX,False,MIDDLE,Sett,68,26,34,7,12,109,1,12,5,9600,10546,0,463,26559,6,1,11,0,1593,154,303,0,0,0,0,0,0
Rasenshuriken,False,BOTTOM,Morgana,47,80,14,8,14,133,7,7,5,11493,22795,1120,5451,18560,9,1,14,0,1593,149,230,0,0,0,0,0,0
smol bunny,False,UTILITY,Senna,51,39,27,7,12,19,1,8,6,9125,9080,542,5216,17713,22,4,43,0,1593,352,209,0,0,0,0,0,0
TabletGG,False,TOP,Urgot,67,49,26,12,17,186,9,8,7,17743,24477,0,4860,30839,13,2,22,0,1929,249,285,0,0,0,0,0,0
DysfunctionalADC,False,JUNGLE,Elise,154,170,56,117,15,17,4,8,11,14221,11404,0,12055,30010,5,7,33,0,1929,194,235,0,0,0,0,0,0
Hendo Crescendo,False,MIDDLE,Fizz,49,79,79,14,16,154,13,4,8,15899,24258,0,3014,18383,5,3,25,0,1929,133,101,0,0,0,0,0,0
Frommoh,False,BOTTOM,Sivir,100,70,14,12,15,206,10,8,11,14535,22922,0,5009,19365,11,6,29,0,1929,66,244,0,0,0,0,0,0
i miss dad,False,UTILITY,Velkoz,120,73,41,9,13,53,2,9,18,11383,22986,0,1307,17196,25,5,56,0,1929,180,253,0,0,0,0,0,0
tuturu yo ass ,True,TOP,Gwen,105,21,99,33,17,191,13,7,9,17495,28985,0,10653,31888,9,3,14,0,1929,112,237,0,0,0,0,0,0
Born to be No1,True,JUNGLE,Nocturne,117,26,49,25,17,43,11,5,13,16766,16840,0,12625,32734,3,1,17,0,1929,844,210,0,0,0,0,0,0
Unforeseen420,True,MIDDLE,TwistedFate,67,149,0,14,15,124,4,8,10,14300,11989,0,1056,19006,7,1,9,0,1929,170,238,0,0,0,0,0,0
Jasi10GVG,True,BOTTOM,MissFortune,74,66,32,8,17,218,8,9,16,16573,25659,0,4112,26218,14,4,29,0,1929,157,226,0,0,0,0,0,0
Xylua,True,UTILITY,Leona,45,31,26,10,13,25,1,9,16,11151,5829,985,1464,22053,26,7,53,0,1929,51,232,0,0,0,0,0,0
Statikin,True,TOP,Gwen,47,8,45,11,13,125,3,1,3,10401,10299,0,4061,9997,7,1,15,0,1176,27,35,0,0,0,0,0,0
qwaeioii,True,JUNGLE,Graves,72,20,26,2,12,10,7,0,3,9809,7512,0,4727,12012,3,1,12,0,1176,585,0,0,0,0,0,0,0
Jesty,True,MIDDLE,Yone,209,49,37,6,13,159,6,0,2,11101,9912,0,3290,13149,4,0,6,0,1176,143,0,0,0,0,0,0,0
Sir Keensworth,True,BOTTOM,Samira,85,11,17,3,11,123,7,0,4,7807,10783,0,3464,11365,5,0,10,0,1176,3,0,0,0,0,0,0,0
Wiggum Forever,True,UTILITY,Bard,19,33,12,3,10,3,0,1,9,6428,4423,710,2977,5987,15,3,34,0,1176,66,30,0,0,0,0,0,0
RAAF Shine,False,TOP,Illaoi,36,55,15,4,12,129,1,4,0,9145,7572,0,1918,14472,4,0,5,0,1176,12,84,0,0,0,0,0,0
Frommoh,False,JUNGLE,Olaf,100,25,45,4,10,15,0,6,0,6131,6342,0,5026,16135,6,1,8,0,1176,281,113,0,0,0,0,0,0
ExSoldierWd,False,MIDDLE,Xerath,81,47,21,16,12,114,1,4,0,8616,10333,0,0,9916,7,0,12,0,1176,206,87,0,0,0,0,0,0
lnbred ,False,BOTTOM,Ezreal,88,12,16,4,8,98,0,6,0,4959,6814,0,23,8821,2,1,3,0,1176,0,117,0,0,0,0,0,0
i miss dad,False,UTILITY,Yuumi,26,47,32,3,8,5,0,3,0,4654,3353,1005,4093,4790,10,3,22,0,1176,23,57,0,0,0,0,0,0
Frommoh,True,TOP,Quinn,42,15,23,31,17,182,12,7,5,16547,26652,0,6745,25624,7,3,30,0,1874,103,218,0,0,0,0,0,0
2018 IG NING,True,JUNGLE,XinZhao,73,104,0,7,15,40,8,4,10,14140,19301,0,20944,42327,4,11,39,0,1874,521,169,0,0,0,0,0,0
Buzi,True,MIDDLE,Diana,108,54,37,11,17,192,13,7,5,16914,26714,0,5322,26940,4,4,16,0,1874,124,215,0,0,0,0,0,0
lovingkindness,True,BOTTOM,Vayne,117,0,8,5,15,162,6,3,4,14297,8959,0,1771,16381,13,0,20,0,1874,5,87,0,0,0,0,0,0
i miss dad,True,UTILITY,Yuumi,48,72,65,9,13,15,2,5,23,11255,10348,2106,15136,7872,25,2,59,0,1874,47,157,0,0,0,0,0,0
xules,False,TOP,Gangplank,148,20,84,8,16,178,8,7,8,14963,20541,0,4533,26455,9,2,26,0,1874,165,221,0,0,0,0,0,0
Mandy Lifeboats,False,JUNGLE,FiddleSticks,29,100,73,8,13,32,2,10,8,11393,12056,0,11241,31190,12,8,40,0,1874,696,327,0,0,0,0,0,0
lovesosa,False,MIDDLE,Kennen,127,42,69,10,15,147,7,7,8,13143,19339,0,2552,21044,12,2,32,0,1874,45,227,0,0,0,0,0,0
FudgeyJ,False,BOTTOM,Varus,71,15,40,13,13,197,8,9,4,11325,18020,0,4380,19862,9,3,21,0,1874,227,254,0,0,0,0,0,0
MrCowburner,False,UTILITY,Xerath,55,40,24,15,13,26,1,8,12,10210,16153,0,0,14153,25,7,59,0,1874,136,243,0,0,0,0,0,0
junwangyongye,False,TOP,MonkeyKing,77,15,51,14,14,141,8,5,3,11442,19778,0,4294,19981,7,2,14,0,1970,27,158,0,0,0,0,0,0
Frommoh,False,JUNGLE,LeeSin,176,134,129,6,15,35,11,6,1,14269,21395,872,10437,33941,14,1,26,0,1970,388,138,0,0,0,0,0,0
Dusty Sundays,False,MIDDLE,Annie,167,68,64,9,16,210,0,7,8,16035,18739,959,877,16183,10,0,14,0,1970,259,205,0,0,0,0,0,0
Clean Garbage,False,BOTTOM,Ashe,46,83,13,7,14,212,5,9,6,12376,21509,0,3370,21138,12,4,33,0,1970,806,205,0,0,0,0,0,0
Squirtlë,False,UTILITY,Nami,29,66,41,8,13,16,4,4,11,11338,9019,1556,12119,13619,31,10,74,0,1970,164,72,0,0,0,0,0,0
R3ap3rR,True,TOP,Nocturne,92,21,23,19,17,179,8,8,8,16781,18967,0,6537,35049,11,4,26,0,1970,636,218,0,0,0,0,0,0
Aitken,True,JUNGLE,Volibear,71,140,74,7,16,35,7,3,11,15580,20614,0,16674,35827,5,6,38,0,1970,505,125,0,0,0,0,0,0
bigpnoll,True,MIDDLE,Fizz,43,112,79,11,17,204,12,5,0,16520,17490,0,2635,20876,2,6,25,0,1970,149,182,0,0,0,0,0,0
lustorpain,True,BOTTOM,Jhin,129,39,56,28,14,173,4,6,11,12792,13564,0,6138,17895,12,3,20,0,1970,212,139,0,0,0,0,0,0
I hug trees,True,UTILITY,Seraphine,87,31,51,10,14,45,0,6,15,11485,10929,2669,7173,16482,19,7,45,0,1970,164,160,0,0,0,0,0,0
i hate it here,True,TOP,Camille,97,21,33,1,11,92,2,2,3,7808,7276,0,985,8330,4,0,6,0,942,108,37,0,0,0,0,0,0
 T1 virtuso,True,JUNGLE,Kayn,84,42,17,4,11,6,3,1,4,7502,4185,0,7450,13454,2,1,9,0,942,261,27,0,0,0,0,0,0
Lurkowo,True,MIDDLE,Pantheon,55,16,16,2,11,87,8,0,3,7961,11609,0,2809,8508,9,2,15,0,942,21,0,0,0,0,0,0,0
ABK Gabe,True,BOTTOM,Sivir,37,28,5,2,9,133,3,0,0,5880,6209,0,654,3435,6,1,11,0,942,0,0,0,0,0,0,0,0
Tojyxaevo,True,UTILITY,Yuumi,22,50,9,1,9,2,0,0,3,5464,3204,559,1414,1532,7,2,12,0,942,22,0,0,0,0,0,0,0
chicken tender,False,TOP,Sejuani,15,45,9,3,10,92,1,1,2,6590,5084,0,217,9882,5,1,11,0,942,81,30,0,0,0,0,0,0
Frommoh,False,JUNGLE,Viego,68,36,9,4,8,4,2,4,0,4622,2838,0,4272,11116,6,0,14,0,942,67,74,0,0,0,0,0,0
Dat flash,False,MIDDLE,Morgana,16,26,9,4,9,57,0,6,2,5587,3696,9,327,8201,4,0,7,0,942,35,75,0,0,0,0,0,0
Forsaken Jing,False,BOTTOM,Kaisa,35,12,8,3,8,112,0,3,0,4338,4017,0,870,6512,5,2,9,0,942,0,64,0,0,0,0,0,0
SpooderminSweg,False,UTILITY,Leona,11,6,10,2,8,22,0,2,0,4142,1570,0,145,5870,7,1,11,0,942,14,48,0,0,0,0,0,0
MVPete,True,TOP,Malphite,61,82,77,13,17,143,3,4,16,17471,16841,0,3810,20546,18,2,43,0,2089,838,115,0,0,0,0,0,0
Frommoh,True,JUNGLE,Volibear,53,137,73,9,17,53,19,6,10,18069,34528,0,19409,48953,6,2,28,0,2089,594,209,0,0,0,0,0,0
Froppie,True,MIDDLE,Lux,47,23,198,14,16,118,5,6,17,15042,27619,1725,1548,24118,11,3,20,0,2089,314,174,0,0,0,0,0,0
Lenny Xo,True,BOTTOM,Yasuo,294,19,156,6,17,208,12,7,10,18132,21914,0,9324,37427,7,5,23,0,2089,152,274,0,0,0,0,0,0
wendymarvelous,True,UTILITY,Soraka,76,49,37,9,15,28,7,7,21,13306,9651,1964,33349,21678,24,9,61,0,2089,231,244,0,0,0,0,0,0
Cosmiczeros,False,TOP,Irelia,238,17,59,8,16,203,6,8,10,15701,26378,0,9202,34234,14,0,36,0,2089,86,276,0,0,0,0,0,0
OwODANG,False,JUNGLE,Graves,92,22,70,10,15,43,8,10,7,14241,16441,0,10017,33271,11,1,18,0,2089,366,264,0,0,0,0,0,0
Coolbluebanana,False,MIDDLE,Xerath,149,75,38,45,16,167,9,6,13,15557,49840,0,1014,19633,9,4,18,0,2089,268,182,0,0,0,0,0,0
MIFOR,False,BOTTOM,Ashe,16,130,14,12,15,171,4,8,6,13269,14711,0,4025,19703,12,3,27,0,2089,804,166,0,0,0,0,0,0
www lux com,False,UTILITY,Pantheon,73,37,27,6,13,56,2,14,10,10859,14563,0,3338,29774,34,9,83,0,2089,65,363,0,0,0,0,0,0
BedPillow,False,JUNGLE,XinZhao,57,37,0,5,11,20,4,6,3,7946,8138,0,9503,23244,5,1,10,0,1254,216,119,0,0,0,0,0,0
UncleFob,False,TOP,Darius,50,55,16,3,12,116,7,5,5,9390,13529,0,4818,22725,7,1,11,0,1254,175,117,0,0,0,0,0,0
PREDATOR I,False,MIDDLE,Lucian,51,15,25,6,10,108,1,5,1,7278,9790,0,1566,12582,5,3,12,0,1254,0,129,0,0,0,0,0,0
Gay Hoe Kim,False,BOTTOM,Vayne,40,0,4,3,10,113,0,3,1,6588,2103,0,898,7581,6,2,11,0,1254,2,77,0,0,0,0,0,0
Free Brit Knees,False,UTILITY,Lulu,29,22,30,5,9,2,1,6,4,5274,1911,2549,832,9090,12,0,26,0,1254,153,90,0,0,0,0,0,0
MVPete,True,TOP,Gnar,79,18,28,7,12,113,5,5,9,9513,13621,0,4257,16425,8,3,23,0,1254,324,92,0,0,0,0,0,0
Frommoh,True,JUNGLE,LeeSin,127,108,88,5,11,5,3,3,9,7799,9405,442,6848,17944,8,0,14,0,1254,291,82,0,0,0,0,0,0
BROADSAW,True,MIDDLE,Ryze,155,40,162,5,13,159,9,2,4,10286,11768,0,2995,10982,7,1,11,0,1254,73,60,0,0,0,0,0,0
Vibronic Cougar,True,BOTTOM,Ashe,17,47,8,6,12,132,4,1,8,8912,11790,0,1065,3601,7,1,12,0,1254,413,27,0,0,0,0,0,0
KR SHIN,True,UTILITY,Lux,26,12,93,5,11,33,4,2,11,8228,11637,937,1147,5805,11,3,28,0,1254,168,55,0,0,0,0,0,0
TeaDealer,True,TOP,Teemo,56,68,0,99,16,139,3,14,11,15195,35564,0,863,26455,11,4,20,0,2040,674,412,0,0,0,0,0,0
suifeng100,True,JUNGLE,Khazix,148,74,33,26,16,12,13,12,5,15586,30682,0,15631,38999,2,4,25,0,2040,318,440,0,0,0,0,0,0
Cocool,True,MIDDLE,Chogath,96,55,30,19,16,150,7,4,9,16308,20185,0,6335,29162,9,0,31,0,2040,454,140,0,0,0,0,0,0
reddevil1,True,BOTTOM,Tristana,31,35,41,7,17,199,18,10,11,18040,40579,0,8970,29571,8,1,14,1,2040,85,325,0,0,0,0,0,0
NWO Terminator,True,UTILITY,Pyke,68,53,44,23,16,43,10,5,12,15256,19885,0,7219,24585,42,12,81,0,2040,161,189,0,0,0,0,0,0
MVPete,False,TOP,Gnar,141,37,59,13,17,139,13,10,17,17879,27307,0,10821,52804,9,8,30,0,2040,676,298,0,0,0,0,0,0
Frommoh,False,JUNGLE,Gragas,210,99,60,12,16,31,10,10,17,15443,27938,0,19164,44475,5,3,21,0,2040,317,254,0,0,0,0,0,0
3mperor,False,MIDDLE,Azir,86,198,12,12,17,244,13,8,9,18310,29525,0,1084,23922,9,1,16,0,2040,236,242,0,0,0,0,0,0
ozaru,False,BOTTOM,Aphelios,58,83,0,4,15,156,4,13,11,14203,17751,0,6271,27770,7,5,22,0,2040,175,321,0,0,0,0,0,0
69hornybabe,False,UTILITY,Morgana,50,59,36,10,15,47,4,10,17,14198,14459,2786,4161,26029,23,3,48,0,2040,75,280,0,0,0,0,0,0
MELO15,False,TOP,Volibear,41,58,34,6,13,123,7,7,5,10202,21650,0,4476,25600,3,3,7,0,1528,274,176,0,0,0,0,0,0
talon time,False,JUNGLE,Hecarim,192,39,47,7,14,50,8,3,8,11992,17911,0,14633,27530,3,5,20,0,1528,212,83,0,0,0,0,0,0
zivojin,False,MIDDLE,Malzahar,51,53,74,8,13,164,3,5,2,11153,17549,0,138,8779,10,1,17,0,1528,229,94,0,0,0,0,0,0
Tuna Turner,False,BOTTOM,Ashe,22,69,16,8,11,95,0,10,8,7649,8224,0,1830,14897,5,3,17,0,1528,497,182,0,0,0,0,0,0
Fire King Natsu,False,UTILITY,Senna,33,25,18,6,11,32,3,12,3,7301,9444,936,2330,15387,15,2,28,0,1528,88,272,0,0,0,0,0,0
MVPete,True,TOP,Sett,73,34,41,5,12,82,3,8,4,9635,8796,0,4446,25861,10,3,21,0,1528,142,159,0,0,0,0,0,0
Frommoh,True,JUNGLE,Viego,116,63,25,9,14,43,6,4,9,12178,14096,0,13525,23118,5,2,22,0,1528,154,132,0,0,0,0,0,0
LPL S8 Champion,True,MIDDLE,Sylas,61,50,110,18,15,112,12,0,5,14355,16551,407,8038,20752,5,3,19,0,1528,233,0,0,0,0,0,0,0
jigaboo irl,True,BOTTOM,Samira,56,12,30,10,14,166,15,4,6,12583,22614,0,4054,17617,6,0,11,0,1528,4,101,0,0,0,0,0,0
Jufuterota,True,UTILITY,Nautilus,23,30,37,9,12,35,1,5,18,9519,7343,571,2215,16790,11,4,29,0,1528,267,141,0,0,0,0,0,0
CantankerousJim,False,TOP,Tryndamere,14,19,76,5,15,187,7,3,0,13875,15046,0,4126,20970,6,1,12,0,1459,59,105,0,0,0,0,0,0
Frommoh,False,JUNGLE,LeeSin,138,85,99,7,14,16,9,4,9,11635,15522,687,9946,24684,11,0,14,0,1459,361,128,0,0,0,0,0,0
St3alth,False,MIDDLE,Fizz,15,17,46,6,13,72,6,7,5,10051,11567,0,1351,17131,7,0,11,0,1459,34,230,0,0,0,0,0,0
Nerhhvous,False,BOTTOM,Jhin,57,32,27,14,12,119,9,6,6,9136,11233,0,4617,14307,8,0,17,0,1459,74,182,0,0,0,0,0,0
Endome,False,UTILITY,Blitzcrank,20,22,11,21,11,26,2,6,8,8333,4354,0,1109,12897,17,0,23,0,1459,59,138,0,0,0,0,0,0
xAtoias,True,TOP,Riven,185,31,35,9,13,103,1,7,0,10245,7095,0,1214,16567,11,1,23,0,1459,76,210,0,0,0,0,0,0
sunshineHarper,True,JUNGLE,Nocturne,64,13,24,11,13,20,2,7,7,10334,7843,0,6782,20799,7,1,17,0,1459,335,199,0,0,0,0,0,0
Magicjoker0119,True,MIDDLE,Diana,74,33,35,8,14,112,9,9,3,12510,21835,0,932,15872,7,2,13,0,1459,41,271,0,0,0,0,0,0
Juplo,True,BOTTOM,Kaisa,61,31,39,6,14,141,12,5,3,12302,20485,0,4845,14453,9,1,23,0,1459,58,137,0,0,0,0,0,0
chloesakura,True,UTILITY,Lux,31,22,77,7,13,27,2,5,11,10072,9872,1672,8,8202,10,2,24,0,1459,173,121,0,0,0,0,0,0
B1gmanB0ssman,True,TOP,Shen,156,25,40,8,18,168,11,3,20,18982,24566,3974,7050,30051,11,0,36,0,2069,261,102,0,0,0,0,0,0
Frommoh,True,JUNGLE,Viego,143,81,51,21,18,36,24,6,8,18545,38592,0,19596,39907,2,1,17,0,2069,196,195,0,0,0,0,0,0
Chocdik,True,MIDDLE,Yasuo,273,18,75,2,18,241,9,6,7,20660,15415,0,5537,24905,10,1,19,0,2069,135,171,0,0,0,0,0,0
Nerhhvous,True,BOTTOM,Tristana,38,32,34,6,15,161,3,10,13,14538,13406,0,5951,20870,6,3,21,0,2069,33,270,0,0,0,0,0,0
Endome,True,UTILITY,Thresh,22,8,9,3,14,32,0,11,9,12725,1661,1851,2194,17509,20,0,34,0,2069,23,165,0,0,0,0,0,0
carlos420menedez,False,TOP,Fiora,165,15,56,7,15,148,3,9,3,13800,8723,0,4472,29829,8,0,11,0,2069,93,249,0,0,0,0,0,0
Handsome Wills,False,BOTTOM,Lucian,66,34,44,15,15,181,17,10,11,14532,29140,0,6611,24038,11,2,19,0,2069,157,260,0,0,0,0,0,0
VaporousTheif,False,MIDDLE,Pantheon,86,26,25,2,13,111,6,9,8,11045,16639,0,3464,20602,11,0,20,0,2069,62,309,0,0,0,0,0,0
brooon,False,JUNGLE,Vi,51,0,110,7,14,38,3,11,10,12472,10094,0,5359,29096,6,1,15,0,2069,149,353,0,0,0,0,0,0
Handsome Liam,False,UTILITY,Xerath,151,93,50,38,15,93,7,8,17,13660,41675,0,839,16514,27,0,44,0,2069,289,181,0,0,0,0,0,0
Relaxed Moo,True,TOP,Sylas,106,106,216,27,18,228,4,6,13,23509,37184,0,19810,48446,14,4,30,0,2441,502,270,0,0,0,0,0,0
Im Neilly Dead,True,BOTTOM,Sion,89,65,62,14,18,214,16,14,10,18798,34636,0,1889,46287,4,7,34,0,2441,717,432,0,0,0,0,0,0
Duck Titan,True,JUNGLE,Nunu,74,67,213,16,17,26,3,12,20,17655,14477,0,15130,45247,12,3,27,0,2441,329,449,0,0,0,0,0,0
ChaosAgent,True,UTILITY,Veigar,86,60,33,9,17,65,11,12,16,17296,26337,2143,1132,25425,32,10,67,0,2441,94,378,0,0,0,0,0,0
bigpantsdog,True,MIDDLE,Lucian,72,32,70,20,18,257,12,8,8,24488,45838,0,2757,32843,11,8,29,0,2441,99,300,0,0,0,0,0,0
MVPete,False,UTILITY,Pyke,88,90,48,15,16,52,14,13,9,15656,14255,0,11202,36750,56,10,115,0,2441,185,430,0,0,0,0,0,0
LPmate,False,TOP,Riven,250,57,67,16,18,130,3,7,8,18520,13392,0,10259,35547,14,0,21,0,2441,132,278,0,0,0,0,0,0
Frommoh,False,JUNGLE,LeeSin,208,138,152,13,17,29,10,7,9,18285,27364,1012,24922,61046,20,2,41,0,2441,490,313,0,0,0,0,0,0
Bigge Stinnk,False,BOTTOM,Vayne,153,0,29,15,18,228,22,10,12,22994,52631,0,8939,31859,13,1,35,0,2441,147,368,0,0,0,0,0,0
TOMBIGRED,False,MIDDLE,Viktor,84,24,110,56,18,234,3,9,18,19413,47474,0,6176,26878,13,1,24,0,2441,399,382,0,0,0,0,0,0
MVPete,False,TOP,Urgot,51,43,19,7,12,94,5,10,2,8994,11821,0,2035,25326,8,2,16,0,1446,204,246,0,0,0,0,0,0
LPmate,False,JUNGLE,Vi,52,0,69,5,11,23,1,6,9,8277,6087,0,4300,16866,7,2,15,0,1446,206,130,0,0,0,0,0,0
Frommoh,False,UTILITY,Seraphine,60,20,33,7,10,36,1,10,7,6286,6885,1765,1779,14704,22,8,51,0,1446,118,208,0,0,0,0,0,0
Bigge Stinnk,False,BOTTOM,Vayne,73,0,16,6,12,123,5,6,5,8843,11503,0,3627,15046,6,2,10,0,1446,16,134,0,0,0,0,0,0
TOMBIGRED,False,MIDDLE,Ziggs,116,39,32,8,13,119,4,3,5,10495,18321,0,223,7792,6,2,11,0,1446,176,83,0,0,0,0,0,0
Wings with Pepsi,True,TOP,Chogath,79,36,46,16,14,137,9,1,6,11537,13573,0,5268,16845,11,2,23,0,1446,580,38,0,0,0,0,0,0
DontTouchMyCoke,True,JUNGLE,LeeSin,169,156,106,7,13,28,5,3,11,10371,12193,210,10244,25173,10,2,22,0,1446,353,99,0,0,0,0,0,0
Gyudon with Coke,True,MIDDLE,Yone,184,29,23,5,13,125,2,4,6,11131,8890,0,2566,13121,6,2,12,0,1446,79,119,0,0,0,0,0,0
Without Lifetime,True,UTILITY,Nautilus,29,24,15,7,12,34,1,4,15,8823,5039,1710,1407,13309,15,6,42,0,1446,164,83,0,0,0,0,0,0
6324UPUP,True,BOTTOM,Samira,79,9,22,8,12,152,17,4,2,9849,23315,0,5654,19302,6,0,10,0,1446,19,95,0,0,0,0,0,0
D I C A R A,True,TOP,Ornn,98,62,43,19,17,135,3,11,21,18047,21722,0,766,39576,15,1,18,0,2208,576,396,0,0,0,0,0,0
Rémy de Rat,True,JUNGLE,Twitch,36,55,54,14,18,109,16,9,21,21047,60178,0,10594,32926,2,7,29,0,2208,438,344,0,0,0,0,0,0
TeemoNBaldChamps,True,MIDDLE,Kayle,63,67,123,8,18,236,12,7,16,20670,42612,0,8403,25639,10,4,23,0,2208,213,310,0,0,0,0,0,0
VoidShifter,True,BOTTOM,Sivir,137,73,23,13,17,207,14,6,14,17800,49030,0,5284,21157,11,0,18,0,2208,40,237,0,0,0,0,0,0
Obscure Gayness,True,UTILITY,Rell,48,31,22,10,15,37,3,10,20,14619,9636,0,2379,28766,19,6,48,0,2208,43,361,0,0,0,0,0,0
MVPete,False,TOP,Mordekaiser,152,50,59,11,17,122,5,12,13,16599,24884,0,15440,46696,16,1,57,0,2208,64,386,0,0,0,0,0,0
Frommoh,False,JUNGLE,Nocturne,103,29,43,30,18,67,16,9,9,18603,31467,0,22411,55629,11,2,42,0,2208,793,352,0,0,0,0,0,0
Pallymon,False,MIDDLE,Chogath,96,43,74,16,17,173,7,10,11,17053,22293,0,19822,60307,16,1,35,0,2208,1845,319,0,0,0,0,0,0
2011 MVP DROSE,False,BOTTOM,Jhin,86,36,62,56,16,175,13,6,12,16069,28431,0,10813,27418,13,1,25,0,2208,190,258,0,0,0,0,0,0
LIUFEIW,False,UTILITY,Senna,63,29,27,10,15,29,2,11,21,14637,15040,3157,12831,32378,26,9,57,0,2208,306,304,0,0,0,0,0,0
MAXRAK5O,True,TOP,Garen,130,31,98,12,18,199,9,5,15,21403,31743,0,7069,44169,15,2,28,0,2455,369,227,0,0,0,0,0,0
VVWWWWWWWVWWWWW,True,JUNGLE,Khazix,222,146,103,41,18,35,17,5,16,20702,42996,0,23874,46890,14,2,41,0,2455,166,198,0,0,0,0,0,0
ShadowOsk,True,MIDDLE,Annie,214,76,138,295,18,176,10,5,17,20050,35842,3691,2186,21959,16,3,33,0,2455,272,201,0,0,0,0,0,0
EnriqueHo,True,BOTTOM,Varus,112,12,56,16,18,182,14,8,11,19177,35054,0,6688,24585,10,4,29,0,2455,289,280,0,0,0,0,0,0
MAFOSK1N,True,UTILITY,Swain,77,51,64,20,17,74,2,12,20,16672,34729,0,11231,41120,39,8,63,0,2455,183,442,0,0,0,0,0,0
MVPete,False,TOP,Gnar,171,40,64,17,18,211,3,13,13,20150,28528,0,9950,56527,17,2,49,0,2455,805,490,0,0,0,0,0,0
Frommoh,False,JUNGLE,LeeSin,214,161,156,16,16,49,7,13,11,15984,19423,1234,17885,62726,16,4,32,0,2455,447,470,0,0,0,0,0,0
MrPigeon Cast,False,MIDDLE,Lissandra,136,48,78,19,17,185,7,15,6,16959,26703,0,6390,40982,10,1,18,0,2455,355,552,0,0,0,0,0,0
FLIPPY TAXI,False,BOTTOM,Jhin,98,51,77,38,18,262,14,7,9,19225,40481,0,10491,30934,16,0,21,0,2455,262,253,0,0,0,0,0,0
SorryWasOnGrindr,False,UTILITY,Morgana,73,113,31,10,17,78,4,5,22,18001,27717,3118,9977,34442,41,10,87,0,2455,454,167,0,0,0,0,0,0
MVPete,False,TOP,Urgot,59,66,19,8,15,161,4,7,2,13898,18701,0,1978,25917,12,4,20,0,1693,201,258,0,0,0,0,0,0
Frommoh,False,JUNGLE,Olaf,156,47,72,8,13,21,5,7,5,11046,14259,0,9209,30327,3,5,19,0,1693,485,209,0,0,0,0,0,0
hikaru jin,False,MIDDLE,Renekton,60,26,60,9,15,197,7,5,2,14098,18071,0,5337,22241,5,2,10,0,1693,27,161,0,0,0,0,0,0
Steper,False,BOTTOM,Aphelios,43,59,0,7,13,133,1,11,10,10113,10855,0,5369,21423,6,4,13,0,1693,120,322,0,0,0,0,0,0
Bakkin,False,UTILITY,Veigar,83,37,30,6,12,32,9,10,5,9672,14984,0,34,17601,20,3,42,0,1693,87,280,0,0,0,0,0,0
Terrensu,True,TOP,Fiora,169,16,70,11,17,167,12,3,5,16949,25328,0,18781,31711,7,1,15,0,1693,138,125,0,0,0,0,0,0
AL5,True,JUNGLE,Nocturne,98,19,29,20,15,46,13,6,8,14532,22405,0,10835,30668,12,4,30,0,1693,544,128,0,0,0,0,0,0
Man Bear P1g,True,MIDDLE,Garen,67,21,66,6,15,152,4,3,7,14468,12566,0,1965,16429,11,2,23,0,1693,88,66,0,0,0,0,0,0
stoysie,True,BOTTOM,Lucian,64,28,25,6,14,136,5,6,11,12976,14216,0,3668,16620,10,4,24,0,1693,31,181,0,0,0,0,0,0
Nazuregos,True,UTILITY,Senna,50,53,21,9,14,17,6,8,15,12155,21202,627,4519,15870,29,1,40,0,1693,89,187,0,0,0,0,0,0
MVPete,True,TOP,Gnar,143,30,53,15,17,165,9,7,11,17428,23368,0,9642,39728,15,5,50,0,2138,546,243,0,0,0,0,0,0
Frommoh,True,JUNGLE,LeeSin,192,126,121,12,17,22,18,6,14,17509,27438,1160,16501,46540,22,1,33,0,2138,391,214,0,0,0,0,0,0
Snellsy,True,MIDDLE,Yasuo,275,20,159,7,16,203,6,10,10,15513,20546,0,8812,31775,16,1,31,0,2138,103,379,0,0,0,0,0,0
Bigge Stinnk,True,BOTTOM,Ezreal,408,75,62,12,16,180,5,8,7,15790,30137,0,4524,36262,6,2,14,0,2138,294,277,0,0,0,0,0,0
nrevi,True,UTILITY,Lulu,84,74,119,8,15,27,1,5,19,14519,6388,8651,2079,16528,36,6,75,0,2138,381,187,0,0,0,0,0,0
LACHIEALPHA5,False,TOP,Yone,211,72,28,10,16,216,2,12,3,15502,17122,0,4136,31441,10,2,19,0,2138,137,386,0,0,0,0,0,0
MagikMex,False,JUNGLE,FiddleSticks,56,110,63,13,17,32,12,4,16,16701,27607,0,14517,34468,0,6,51,0,2138,776,89,0,0,0,0,0,0
hopelessness,False,MIDDLE,Zed,111,92,124,16,17,198,9,9,8,16512,29063,0,1093,25192,7,3,28,0,2138,267,343,0,0,0,0,0,0
IHateVanessa,False,BOTTOM,Senna,88,37,27,10,15,179,8,7,18,14119,33053,1320,11846,24143,11,4,40,0,2138,243,302,0,0,0,0,0,0
coffeeUwU,False,UTILITY,Lux,47,46,173,17,13,30,5,7,9,11253,24671,2385,27,16401,37,9,86,0,2138,188,209,0,0,0,0,0,0
MVPete,False,TOP,Gnar,137,27,59,11,15,135,3,12,12,13786,17641,0,5845,38139,13,3,21,0,2219,617,386,0,0,0,0,0,0
Frommoh,False,JUNGLE,Olaf,160,54,87,14,15,20,8,11,10,14161,24714,0,13891,45056,6,5,33,0,2219,444,418,0,0,0,0,0,0
Death Metal Dory,False,MIDDLE,Cassiopeia,165,37,407,13,16,205,9,9,9,15810,28444,0,7835,31738,17,2,36,0,2219,401,329,0,0,0,0,0,0
SucculentBreast,False,BOTTOM,Lucian,84,50,64,13,17,255,12,4,9,16783,31419,0,7053,17610,10,2,19,0,2219,230,113,0,0,0,0,0,0
MUSTARD C0CK,False,UTILITY,Nautilus,17,19,30,10,14,40,3,10,12,11448,9038,0,1335,25351,44,4,81,0,2219,214,256,0,0,0,0,0,0
Stark093,True,TOP,Urgot,58,52,44,16,18,194,6,7,17,19943,24370,0,8497,35630,5,12,33,0,2219,252,278,0,0,0,0,0,0
POTATOMAN,True,JUNGLE,Evelynn,519,43,99,13,17,27,9,10,17,16890,31293,0,9120,33981,6,6,26,0,2219,123,313,0,0,0,0,0,0
JabberwockyNZ,True,MIDDLE,Vladimir,259,15,113,12,18,256,14,5,9,20823,36533,0,32862,26308,9,2,18,0,2219,90,167,0,0,0,0,0,0
SéraSimp,True,BOTTOM,Kaisa,83,33,145,10,17,185,15,6,10,16657,28328,0,10762,25807,12,7,30,0,2219,60,184,0,0,0,0,0,0
GetWrecktBro,True,UTILITY,Alistar,26,28,45,8,15,30,2,7,25,13165,9807,1579,10500,27698,35,5,65,0,2219,101,224,0,0,0,0,0,0
MVPete,True,TOP,Gnar,131,22,49,10,15,139,1,9,12,13856,16153,0,4933,30457,15,1,29,0,1912,479,279,0,0,0,0,0,0
Frommoh,True,JUNGLE,Olaf,168,65,106,8,16,49,10,6,12,15197,23731,0,17895,39747,4,6,36,0,1912,473,182,0,0,0,0,0,0
FrayLord,True,MIDDLE,Yone,270,49,40,10,18,249,8,4,5,19564,25688,0,5907,20756,8,1,15,0,1912,183,190,0,0,0,0,0,0
Bigge Stinnk,True,BOTTOM,Senna,69,35,26,6,15,189,12,6,8,13869,20488,2122,13435,21687,8,2,13,0,1912,215,227,0,0,0,0,0,0
LPmate,True,UTILITY,Nautilus,43,72,58,9,15,39,2,4,22,13206,12346,1476,2985,19707,30,2,67,0,1912,361,96,0,0,0,0,0,0
Ultron,False,TOP,LeeSin,209,124,167,18,17,183,11,4,8,17641,29294,653,10339,40746,9,5,22,0,1912,561,141,0,0,0,0,0,0
shark Haining,False,JUNGLE,Nocturne,105,19,15,25,16,62,12,3,9,15747,21370,0,16645,32899,8,2,15,0,1912,593,75,0,0,0,0,0,0
Flewkoo,False,MIDDLE,Pantheon,106,23,20,5,15,154,3,8,7,13648,15624,0,4335,24372,12,0,24,0,1912,38,217,0,0,0,0,0,0
Traumatised,False,BOTTOM,KogMaw,53,32,45,26,13,151,3,12,6,10765,27902,0,4399,21241,9,4,28,0,1912,401,333,0,0,0,0,0,0
Lawliet,False,UTILITY,Janna,81,15,51,7,13,12,0,6,11,10159,3375,3076,2432,11659,21,2,39,0,1912,104,138,0,0,0,0,0,0
Pahpi,True,TOP,Olaf,96,29,77,10,17,165,6,6,8,17522,14192,0,11059,33231,8,5,21,0,2131,376,190,0,0,0,0,0,0
Frommoh,True,JUNGLE,Nocturne,95,24,30,21,16,34,7,9,8,15792,18623,0,18197,41677,7,3,25,0,2131,638,311,0,0,0,0,0,0
ShibaKubo,True,MIDDLE,Lux,74,33,191,18,17,174,2,6,12,17472,18062,2309,313,14775,16,1,41,0,2131,462,210,0,0,0,0,0,0
Bigge Stinnk,True,BOTTOM,Tristana,56,53,53,11,18,244,21,5,9,20894,58455,0,14170,36989,8,2,17,0,2131,165,138,0,0,0,0,0,0
MVPete,True,UTILITY,Nautilus,42,50,19,14,15,30,3,6,15,14297,9687,1386,3377,23989,43,6,100,0,2131,207,207,0,0,0,0,0,0
Gado Gado,False,TOP,Shen,54,15,27,4,16,154,3,8,11,15659,13675,883,1253,32294,10,1,16,0,2131,172,326,0,0,0,0,0,0
scaryhairey,False,JUNGLE,FiddleSticks,19,121,90,13,16,57,10,5,6,16292,23574,0,13885,32760,0,2,26,0,2131,1025,167,0,0,0,0,0,0
Mudbone,False,MIDDLE,Corki,68,32,49,119,16,178,12,9,6,15660,35247,0,6512,37610,11,6,29,0,2131,60,350,0,0,0,0,0,0
defTnT,False,BOTTOM,Ezreal,287,33,22,18,16,221,2,5,7,15972,20068,0,4225,21916,9,2,19,0,2131,114,192,0,0,0,0,0,0
Sherobeya,False,UTILITY,Zyra,66,89,58,11,14,41,5,13,4,11494,20904,0,1426,20947,18,5,36,0,2131,298,318,0,0,0,0,0,0
Pahpi,True,TOP,Nasus,8,1,0,0,3,9,0,0,0,756,122,0,0,1104,1,0,1,0,198,4,0,0,0,0,0,0,0
Frommoh,True,JUNGLE,Nocturne,9,1,1,0,3,0,0,0,0,833,0,0,1131,1671,0,0,0,0,198,68,0,0,0,0,0,0,0
ZedMainsZZZZ,True,MIDDLE,Syndra,8,2,1,0,4,10,1,0,0,1151,565,0,0,724,0,0,0,0,198,4,0,0,0,0,0,0,0
Bigge Stinnk,True,BOTTOM,Vayne,7,0,0,0,2,14,1,0,0,638,979,0,300,824,0,0,0,0,198,0,0,0,0,0,0,0,0
MVPete,True,UTILITY,Nautilus,3,1,0,0,2,3,0,0,1,578,348,0,0,399,1,0,1,0,198,10,0,0,0,0,0,0,0
Succmonbit,False,TOP,Aatrox,12,1,3,0,3,12,0,0,0,1025,1009,0,158,440,1,0,1,0,198,6,0,0,0,0,0,0,0
Dòu Bàn Jiàng,False,JUNGLE,FiddleSticks,0,0,0,0,1,0,0,0,0,0,0,0,0,0,0,0,0,0,198,0,0,0,0,0,0,0,0
Violet Chachki,False,MIDDLE,Katarina,7,1,0,0,3,13,0,1,0,904,643,0,21,1048,0,0,0,0,198,0,0,0,0,0,0,0,0
jasonemmanuelle,False,BOTTOM,Kalista,1,0,9,0,2,9,0,0,0,528,687,0,58,286,1,0,0,0,198,4,0,0,0,0,0,0,0
sapokanikan,False,UTILITY,Braum,2,0,0,0,2,2,0,1,0,377,167,0,26,1176,0,0,0,0,198,3,6,0,0,0,0,0,0
zongzizzz,False,TOP,Chogath,33,21,52,5,11,114,0,6,1,7820,5278,0,3974,19708,6,0,18,0,1185,499,137,0,0,0,0,0,0
Frommoh,False,JUNGLE,Viego,89,46,21,6,10,10,4,6,1,7115,9494,15,8162,20068,5,0,8,0,1185,129,117,0,0,0,0,0,0
I Will Survive,False,MIDDLE,Yasuo,139,11,99,2,11,109,4,5,3,8554,11546,0,1742,15532,5,1,9,0,1185,49,133,0,0,0,0,0,0
Bigge Stinnk,False,BOTTOM,KogMaw,27,35,17,21,9,94,3,10,1,5946,10609,0,2779,15783,5,0,8,0,1185,129,204,0,0,0,0,0,0
MVPete,False,UTILITY,Lux,34,21,80,9,9,21,0,6,3,5294,6482,1480,0,8914,19,4,43,0,1185,160,96,0,0,0,0,0,0
Tired Boi,True,TOP,Kayle,51,22,67,2,14,186,8,0,1,11544,16723,0,3946,9891,5,0,8,1,1185,288,0,0,0,0,0,0,0
scnawa,True,JUNGLE,LeeSin,85,92,73,5,12,3,6,2,10,8812,11142,157,4347,16662,8,1,14,0,1185,330,27,0,0,0,0,0,0
Pumpkinator7321,True,MIDDLE,Orianna,111,97,55,5,13,110,2,5,4,9983,7192,672,3,10954,5,0,9,0,1185,314,69,0,0,0,0,0,0
cso67,True,BOTTOM,Twitch,21,37,23,7,12,142,17,2,2,8677,21517,0,1284,15701,6,1,14,0,1185,360,66,0,0,0,0,0,0
Kanye West,True,UTILITY,Yuumi,33,104,47,5,12,5,0,2,21,8750,4275,1427,9992,4683,7,1,17,0,1185,24,24,0,0,0,0,0,0
George Costanza,True,TOP,DrMundo,89,29,51,4,12,114,4,2,8,9412,12168,0,5418,13619,1,0,8,0,1142,156,53,0,0,0,0,0,0
Azzurri,True,JUNGLE,Viego,119,51,35,9,12,25,6,4,10,9726,9867,0,9053,18896,3,0,15,0,1142,172,102,0,0,0,0,0,0
LazyWander,True,MIDDLE,Zyra,68,54,27,7,12,110,4,3,8,9092,12277,0,3,7622,1,0,0,0,1142,223,72,0,0,0,0,0,0
bambino cazzo,True,BOTTOM,Lucian,49,20,34,8,11,140,14,3,3,8296,20993,0,2085,9146,2,0,2,0,1142,37,51,0,0,0,0,0,0
IndustrialAsaph,True,UTILITY,Veigar,43,25,18,7,10,37,4,1,11,7134,5525,1129,45,4101,6,2,20,0,1142,34,21,0,0,0,0,0,0
Dear Winter ,False,JUNGLE,Nunu,38,36,94,8,10,15,3,4,3,6532,4015,0,7621,16186,1,1,6,0,1142,223,88,0,0,0,0,0,0
Frommoh,False,TOP,Sett,43,18,13,5,11,95,3,7,2,7741,10274,0,1727,18079,3,2,12,0,1142,49,157,0,0,0,0,0,0
cra cra fish,False,MIDDLE,TwistedFate,77,95,0,9,11,110,4,5,1,8299,9285,0,1286,13481,4,0,4,0,1142,90,139,0,0,0,0,0,0
Bigge Stinnk,False,BOTTOM,Draven,37,52,11,3,10,109,3,7,2,6927,6082,0,2138,13360,5,0,7,0,1142,50,127,0,0,0,0,0,0
Pahpi,False,UTILITY,Leona,13,10,15,4,9,22,0,9,5,5615,2962,0,72,14403,6,0,11,0,1142,30,155,0,0,0,0,0,0
Pahpi,True,TOP,Yorick,168,33,54,11,18,169,4,7,11,19695,32391,0,12405,39626,8,2,16,0,2393,206,280,0,0,0,0,0,0
Frommoh,True,JUNGLE,Nocturne,97,25,44,27,18,44,9,9,14,18435,28087,0,18619,53428,5,6,29,0,2393,812,389,0,0,0,0,0,0
cooncheese888,True,MIDDLE,Akali,223,28,102,32,18,258,19,5,10,25716,48302,0,15047,33973,13,2,22,0,2393,112,177,0,0,0,0,0,0
Bigge Stinnk,True,BOTTOM,KogMaw,52,73,38,72,18,213,11,11,10,18596,33381,0,7345,27015,12,7,32,0,2393,411,305,0,0,0,0,0,0
MVPete,True,UTILITY,Zilean,190,156,180,10,17,60,3,7,18,17755,15187,2355,7293,24716,37,10,91,0,2393,167,277,0,0,0,0,0,0
Shíori,False,TOP,Darius,92,83,24,16,18,253,16,7,4,21798,38198,0,13290,49359,9,3,19,1,2393,284,220,0,0,0,0,0,0
EdgyToSketchy,False,JUNGLE,Nunu,56,87,157,12,15,31,4,13,9,14650,10443,0,11306,38830,0,2,8,0,2393,365,443,0,0,0,0,0,0
Maya Fey,False,MIDDLE,Tryndamere,76,27,207,13,18,312,10,7,7,25154,32056,0,17634,49733,4,3,20,0,2393,609,247,0,0,0,0,0,0
BusyDaddy,False,BOTTOM,Ezreal,340,46,33,14,18,204,7,9,16,18495,40364,0,5452,31695,8,4,19,0,2393,592,306,0,0,0,0,0,0
NGOnlySoCalmDown,False,UTILITY,Leona,44,24,21,16,13,33,1,10,15,11165,9174,1243,867,33608,31,6,63,0,2393,117,402,0,0,0,0,0,0
iIIaoi,False,TOP,Illaoi,93,170,37,10,18,272,7,10,1,18850,43375,0,17419,54034,12,1,23,0,2075,48,370,0,0,0,0,0,0
GGG Zyrus,False,JUNGLE,Nocturne,96,56,56,21,15,50,8,12,3,13732,12396,0,7939,36996,8,9,37,0,2075,686,376,0,0,0,0,0,0
MrRay,False,MIDDLE,Diana,88,52,46,13,15,134,4,11,8,14436,24388,0,3303,28709,12,4,28,0,2075,108,380,0,0,0,0,0,0
ChoCutie,False,BOTTOM,Sivir,86,68,18,8,15,221,3,7,3,13533,12057,0,2927,16082,13,1,29,0,2075,40,188,0,0,0,0,0,0
Tuna Turner,False,UTILITY,Blitzcrank,35,68,38,10,13,59,0,8,8,11393,6272,1014,554,24895,24,7,61,0,2075,176,220,0,0,0,0,0,0
MVPete,True,TOP,Gnar,151,36,50,16,17,173,2,2,9,18200,15641,0,10256,31626,15,4,38,0,2075,773,56,0,0,0,0,0,0
Frommoh,True,JUNGLE,Jax,63,148,79,10,17,45,17,9,13,17044,32622,0,18998,43828,13,3,28,0,2075,218,263,0,0,0,0,0,0
KoreanAussie,True,MIDDLE,Zed,93,64,82,25,16,141,9,7,16,15333,26691,0,5557,22428,14,3,39,0,2075,147,256,0,0,0,0,0,0
Shaqeal117,True,BOTTOM,Ezreal,354,52,52,8,17,211,11,1,16,17728,33749,0,6496,22444,12,4,32,0,2075,158,49,0,0,0,0,0,0
Rum Fed Pug,True,UTILITY,Lux,66,36,171,15,16,64,7,3,18,15984,25145,3276,1757,9452,30,4,67,0,2075,313,88,0,0,0,0,0,0
Tony89,False,TOP,Teemo,62,106,0,142,18,257,9,9,5,24475,34627,0,6940,34504,18,3,69,0,2648,877,276,0,0,0,0,0,0
kingeazy,False,JUNGLE,LeeSin,235,155,167,14,18,42,10,10,8,19718,22402,220,18350,59524,14,1,26,0,2648,666,410,0,0,0,0,0,0
yeah but nahh,False,MIDDLE,Morgana,87,135,24,15,18,221,8,6,10,20891,42431,1222,12189,34606,20,1,42,0,2648,147,253,0,0,0,0,0,0
my jg is dogsht,False,BOTTOM,Heimerdinger,136,165,43,21,17,188,4,11,11,16639,47001,0,3293,27192,14,1,23,0,2648,177,378,0,0,0,0,0,0
UbiquitousNick,False,UTILITY,Brand,62,84,70,22,16,66,10,14,12,16114,46332,0,3554,28439,30,11,72,0,2648,61,541,0,0,0,0,0,0
MVPete,True,TOP,Gnar,192,48,77,21,18,197,10,7,17,22691,38020,0,20872,73088,4,11,39,0,2648,851,285,0,0,0,0,0,0
Frommoh,True,JUNGLE,Rumble,155,195,187,18,18,41,10,11,11,19586,32811,0,13043,43756,5,3,36,0,2648,497,434,0,0,0,0,0,0
uqyuuyxw,True,MIDDLE,Malzahar,151,139,121,18,18,215,3,6,14,21523,18727,0,2532,23217,3,6,21,0,2648,725,231,0,0,0,0,0,0
DIANAB0L,True,BOTTOM,Caitlyn,45,24,17,15,18,238,17,7,10,22826,37496,0,9984,32495,7,6,20,0,2648,87,253,0,0,0,0,0,0
Condom Popper,True,UTILITY,Nocturne,97,43,28,30,18,118,10,10,16,21200,21985,0,11195,51409,38,11,91,0,2648,673,382,0,0,0,0,0,0
NotPerfect,False,TOP,Kayle,27,17,37,2,9,68,0,10,0,5249,4399,0,1695,15195,5,0,7,0,1146,75,168,0,0,0,0,0,0
TheWun,False,JUNGLE,Diana,69,27,19,4,10,23,0,5,2,6344,7186,0,4794,16918,2,2,11,0,1146,146,142,0,0,0,0,0,0
Smigg,False,MIDDLE,Katarina,39,20,0,4,10,85,1,5,1,6719,4446,0,237,11535,10,0,13,0,1146,8,100,0,0,0,0,0,0
Jamotheramo,False,BOTTOM,Kaisa,38,26,20,5,9,101,5,5,3,5887,8405,0,1799,14542,5,0,6,0,1146,11,111,0,0,0,0,0,0
Riverboatcry,False,UTILITY,Sona,29,46,31,4,9,11,2,6,5,5099,4906,2002,4144,11605,9,4,20,0,1146,14,151,0,0,0,0,0,0
MVPete,True,TOP,Gnar,94,16,31,6,13,116,6,1,13,10418,13561,0,4456,15628,6,2,19,0,1146,364,32,0,0,0,0,0,0
Frommoh,True,JUNGLE,Volibear,26,95,46,5,11,9,5,1,8,8507,7128,0,7320,14957,6,0,14,0,1146,313,27,0,0,0,0,0,0
coughhh,True,MIDDLE,Zed,67,42,67,7,13,138,9,0,4,10294,12740,0,2961,8106,2,1,11,0,1146,41,0,0,0,0,0,0,0
Mylld,True,BOTTOM,Tristana,11,12,18,2,11,109,7,3,1,7362,7898,0,1301,5246,2,1,3,0,1146,8,49,0,0,0,0,0,0
Fre3runn3r,True,UTILITY,Zyra,39,43,33,5,10,24,4,3,7,6718,13534,0,372,6292,12,5,27,0,1146,157,53,0,0,0,0,0,0
WorldsBestFeeder,False,TOP,Urgot,28,35,15,7,13,147,2,7,3,11079,9670,0,496,20404,8,2,12,0,1430,105,197,0,0,0,0,0,0
oToast,False,JUNGLE,Evelynn,375,22,67,6,12,22,6,9,2,9822,10304,0,4960,22185,1,1,8,0,1430,159,237,0,0,0,0,0,0
Hxng,False,MIDDLE,Ekko,64,22,32,7,13,135,2,6,5,11216,9774,0,5925,23065,7,1,10,0,1430,267,170,0,0,0,0,0,0
King Shaco,False,BOTTOM,Ezreal,160,40,21,8,12,118,6,8,3,9428,16797,0,5427,21516,7,1,10,0,1430,55,180,0,0,0,0,0,0
SomeRm,False,UTILITY,Thresh,29,25,14,9,11,29,1,5,8,8052,4620,1031,1289,12397,16,4,29,0,1430,84,120,0,0,0,0,0,0
AST0LFO,True,TOP,Yone,209,54,36,7,15,146,6,3,6,14189,18264,0,3954,17624,9,1,15,0,1430,127,92,0,0,0,0,0,0
GOHAN SAIYAN,True,JUNGLE,Diana,94,53,51,6,14,32,11,2,4,11688,14800,0,6675,17861,7,1,15,0,1430,143,80,0,0,0,0,0,0
Chu3k,True,MIDDLE,Lissandra,62,25,40,9,12,94,2,5,4,8644,11628,0,990,12757,7,0,10,0,1430,172,178,0,0,0,0,0,0
Frommoh,True,BOTTOM,Tristana,30,26,38,7,14,125,16,4,4,12523,31115,0,8406,17836,7,2,12,0,1430,48,106,0,0,0,0,0,0
MVPete,True,UTILITY,Nautilus,34,35,21,6,12,42,0,3,14,9016,6538,1293,1302,11131,17,8,41,0,1430,215,63,0,0,0,0,0,0
MVPete,False,TOP,Gnar,141,38,52,16,17,121,7,10,16,17348,28028,0,5385,38773,13,3,26,0,2162,695,342,0,0,0,0,0,0
Frommoh,False,JUNGLE,Jax,57,152,81,14,17,42,13,11,13,17041,36109,0,13607,40467,10,7,37,0,2162,368,401,0,0,0,0,0,0
Minato no flash,False,MIDDLE,Zed,120,106,120,22,18,200,10,7,7,21153,25862,0,8262,29809,15,2,34,0,2162,154,226,0,0,0,0,0,0
ApacheFirebird,False,BOTTOM,Varus,106,9,39,12,16,217,9,8,11,15956,32024,0,4237,21514,6,0,22,0,2162,326,322,0,0,0,0,0,0
easty83,False,UTILITY,Nautilus,40,49,49,13,16,47,7,7,17,14935,22578,0,1875,25569,33,5,84,0,2162,423,263,0,0,0,0,0,0
Dirty Tactics,True,TOP,Darius,86,120,27,11,17,199,12,10,11,17265,28731,0,12577,50338,11,3,25,0,2162,531,349,0,0,0,0,0,0
xEchoes,True,JUNGLE,Olaf,216,71,94,15,18,34,12,10,19,18618,40595,0,22601,51432,16,6,38,0,2162,543,324,0,0,0,0,0,0
Snowhale,True,MIDDLE,Fizz,44,139,148,18,18,205,8,6,12,19263,23543,0,4216,24440,16,2,28,0,2162,113,196,0,0,0,0,0,0
Ssanilaowei,True,BOTTOM,Lucian,85,48,23,12,18,229,6,11,9,18514,17309,0,6057,25806,3,0,5,0,2162,58,346,0,0,0,0,0,0
zenwisteria508,True,UTILITY,Blitzcrank,27,21,29,11,15,39,4,9,13,13472,10318,1273,0,26145,23,4,52,0,2162,99,332,0,0,0,0,0,0
JakobMalema,False,TOP,Riven,171,50,55,19,15,136,7,6,5,14456,16259,0,4497,24504,10,0,13,0,1813,105,215,0,0,0,0,0,0
Zazeed,False,Invalid,LeeSin,52,44,30,3,12,23,0,7,7,9135,2564,227,1278,15891,8,0,6,0,1813,135,164,0,0,0,0,0,0
 Johnny Sins SKT,False,MIDDLE,Katarina,65,42,0,14,15,114,12,10,11,14116,30833,0,5445,29234,3,4,15,0,1813,1,332,0,0,0,0,0,0
phamxiss,False,BOTTOM,Kaisa,76,11,50,5,15,192,12,2,3,14371,15867,0,5080,15313,8,0,11,0,1813,103,10,0,0,0,0,0,0
easty83,False,UTILITY,Nautilus,33,46,29,10,13,42,1,12,15,10243,8326,0,1196,28837,29,5,57,0,1813,295,351,0,0,0,0,0,0
MVPete,True,TOP,Gnar,108,14,44,10,14,101,1,10,12,11699,10457,0,2607,25250,14,0,33,0,1813,494,330,0,0,0,0,0,0
Frommoh,True,JUNGLE,Viego,183,81,30,13,15,66,14,6,10,14062,25147,110,14327,35175,7,4,24,0,1813,265,222,0,0,0,0,0,0
Mr Yogi,True,MIDDLE,Lux,60,19,165,13,14,104,7,7,15,12339,21929,930,3,13678,7,4,35,0,1813,298,209,0,0,0,0,0,0
leornado,True,BOTTOM,Varus,122,32,74,12,14,162,13,4,10,11835,30951,0,5822,13502,9,4,22,0,1813,442,116,0,0,0,0,0,0
The Capitalist ,True,UTILITY,Thresh,36,23,20,12,13,38,2,6,19,10971,7289,4431,573,18387,23,5,56,0,1813,83,151,0,0,0,0,0,0
Riceps,False,TOP,Fiora,147,12,62,7,15,171,7,6,4,13953,19187,0,9399,27890,6,0,11,0,1969,167,282,0,0,0,0,0,0
Frommoh,False,JUNGLE,Rumble,126,147,152,16,15,47,13,8,8,14020,37220,0,5177,31255,6,4,32,0,1969,566,256,0,0,0,0,0,0
VN 20 01 99,False,MIDDLE,Yasuo,238,14,120,3,15,199,4,11,4,14263,11509,0,3543,27547,1,1,3,0,1969,179,373,0,0,0,0,0,0
VitBongDem,False,BOTTOM,Draven,68,66,22,11,13,133,5,13,9,10965,14678,0,2778,21365,10,1,19,0,1969,112,387,0,0,0,0,0,0
MVPete,False,UTILITY,Leona,48,34,27,13,13,30,2,7,14,10367,6614,1454,919,20921,37,6,81,0,1969,110,200,0,0,0,0,0,0
VLTurbo,True,TOP,Shen,59,19,30,5,15,85,2,8,20,14626,10190,1757,2945,25123,11,0,17,0,1969,108,258,0,0,0,0,0,0
MyFaceIsAMoon,True,JUNGLE,Vi,97,0,116,10,16,48,11,8,15,15672,19351,0,10927,30885,11,2,24,0,1969,333,209,0,0,0,0,0,0
dioxink,True,MIDDLE,Xerath,121,61,40,44,16,146,5,4,16,15067,18583,0,1214,13900,8,1,14,0,1969,241,158,0,0,0,0,0,0
kz0ne,True,BOTTOM,Ezreal,323,85,44,13,16,172,22,6,12,15985,42807,0,6156,23445,10,1,14,0,1969,267,196,0,0,0,0,0,0
4thTimesTheCharm,True,UTILITY,Nautilus,42,44,36,9,14,53,5,5,20,12519,9612,712,4081,20668,18,8,50,0,1969,383,140,0,0,0,0,0,0
WarHost,True,TOP,Fiora,194,30,83,14,18,193,7,9,14,19641,28062,0,13655,44058,16,5,33,0,2643,147,330,0,0,0,0,0,0
Forseen,True,JUNGLE,JarvanIV,119,80,109,16,18,57,4,9,22,19551,16232,0,11338,43544,0,16,40,0,2643,2019,321,0,0,0,0,0,0
Riiotz,True,MIDDLE,LeeSin,222,131,187,18,18,258,20,6,18,22120,51018,1665,16001,53306,16,6,40,0,2643,325,235,0,0,0,0,0,0
manchild897,True,BOTTOM,Ezreal,369,78,56,21,17,174,14,6,11,18186,54238,0,6811,28140,20,9,57,0,2643,571,205,0,0,0,0,0,0
Ready Aim Zen,True,UTILITY,Alistar,51,42,43,13,16,52,2,11,24,16003,18833,0,15021,44939,44,9,95,0,2643,159,369,0,0,0,0,0,0
MVPete,False,TOP,Volibear,87,137,94,12,17,109,4,10,15,17364,20011,0,4042,47354,18,3,33,0,2643,381,283,0,0,0,0,0,0
Frommoh,False,JUNGLE,Vi,122,0,157,18,18,58,9,12,21,19719,46168,0,10572,51045,3,2,24,0,2643,313,432,0,0,0,0,0,0
CryptoBrrrrr,False,MIDDLE,Lucian,110,59,65,22,18,255,13,8,10,22193,50067,0,5313,31177,18,6,41,0,2643,33,284,0,0,0,0,0,0
i miss dad,False,BOTTOM,Vayne,213,0,28,14,18,242,14,9,11,18968,42810,0,13157,46084,17,5,30,0,2643,133,301,0,0,0,0,0,0
KasumiDoll,False,UTILITY,Soraka,175,100,73,16,16,35,1,8,30,16214,16895,3683,59231,25398,55,10,114,0,2643,425,272,0,0,0,0,0,0
Socially Awkward,False,TOP,Janna,67,64,32,5,13,96,3,4,4,10589,9434,1337,3405,15470,6,0,7,0,1384,155,128,0,0,0,0,0,0
sirputput,False,JUNGLE,Trundle,134,54,15,8,12,15,8,6,4,9158,11521,0,14268,29187,7,2,17,0,1384,300,112,0,0,0,0,0,0
TiltedTimTam,False,MIDDLE,Syndra,88,84,17,5,12,117,5,4,5,9402,8747,0,0,10490,13,3,25,0,1384,106,76,0,0,0,0,0,0
Tiffyx Simp,False,BOTTOM,Leona,34,21,28,7,10,76,4,7,8,7080,7589,344,709,18003,9,0,15,0,1384,72,123,0,0,0,0,0,0
Madam Alphy,False,UTILITY,Senna,44,23,21,5,11,41,2,7,11,7612,10038,1365,5516,12754,15,8,41,0,1384,99,108,0,0,0,0,0,0
i miss dad,True,TOP,Garen,90,19,43,5,14,130,6,4,5,12308,13652,0,3197,20919,8,3,19,0,1384,178,137,0,0,0,0,0,0
Frommoh,True,JUNGLE,Viego,111,56,19,10,13,27,6,7,9,10373,10380,0,9208,21340,4,1,17,0,1384,109,132,0,0,0,0,0,0
xoMunchy,True,MIDDLE,Lucian,68,32,56,7,14,159,7,2,7,12666,14799,0,1914,8834,7,2,12,0,1384,22,51,0,0,0,0,0,0
Bigge Stinnk,True,BOTTOM,Ezreal,217,46,27,6,12,117,4,5,11,9378,17302,0,3867,16692,4,0,5,0,1384,75,85,0,0,0,0,0,0
MVPete,True,UTILITY,Lux,46,31,79,9,10,25,5,5,8,7071,12869,1286,597,8441,31,9,60,0,1384,151,106,0,0,0,0,0,0
i miss dad,True,TOP,Sion,96,78,67,13,17,156,5,8,13,18257,25796,0,4934,38271,16,2,36,0,2098,753,269,0,0,0,0,0,0
Frommoh,True,JUNGLE,Rumble,107,162,145,16,17,33,14,11,15,17320,38530,0,10235,37316,5,6,23,0,2098,326,312,0,0,0,0,0,0
No war No peace,True,MIDDLE,Leblanc,83,122,50,23,16,117,7,12,11,16311,18565,0,5998,26559,11,5,32,0,2098,38,317,0,0,0,0,0,0
Bigge Stinnk,True,BOTTOM,Kaisa,83,37,106,10,18,221,21,7,10,19245,41361,0,11521,30524,11,5,26,0,2098,158,210,0,0,0,0,0,0
MVPete,True,UTILITY,Nautilus,41,32,21,12,16,38,0,11,21,14996,8002,1782,1126,26568,45,8,92,0,2098,239,359,0,0,0,0,0,0
DariusMouthwash,False,TOP,Darius,69,89,33,12,15,141,8,10,3,14349,22926,0,6862,36010,13,7,32,0,2098,247,315,0,0,0,0,0,0
Rextroyer,False,JUNGLE,XinZhao,84,100,0,13,17,39,13,8,16,16674,32348,0,23941,45728,2,5,27,0,2098,507,277,0,0,0,0,0,0
Nahh,False,MIDDLE,Neeko,98,28,68,13,17,186,16,8,14,16894,43049,0,5870,27509,6,2,18,0,2098,211,256,0,0,0,0,0,0
Lobotomy Barbie,False,BOTTOM,Varus,85,5,37,10,15,180,7,9,7,14279,25198,0,7170,24817,16,5,42,0,2098,321,293,0,0,0,0,0,0
yolojimbo,False,UTILITY,Bard,57,30,24,13,14,29,5,12,20,12918,10995,1826,4949,27056,31,4,61,0,2098,240,387,0,0,0,0,0,0
Frommoh,True,TOP,Darius,39,60,8,3,14,166,3,3,3,11670,8767,0,3706,13475,2,3,11,0,1330,73,59,0,0,0,0,0,0
Badleigh,True,JUNGLE,Shyvana,83,81,90,8,14,38,3,1,4,11665,9132,0,8623,18019,7,2,24,0,1330,222,27,0,0,0,0,0,0
Girl number 4,True,MIDDLE,Annie,133,42,46,53,14,145,6,5,3,11894,14836,1118,812,10590,8,1,12,0,1330,186,153,0,0,0,0,0,0
Bigge Stinnk,True,BOTTOM,Kaisa,54,23,65,3,13,168,13,5,5,10115,23899,0,6262,19144,5,3,11,0,1330,45,109,0,0,0,0,0,0
MVPete,True,UTILITY,Nautilus,28,28,19,7,10,29,2,4,11,6877,5232,873,716,11929,20,6,47,0,1330,172,108,0,0,0,0,0,0
FFW Lifé,False,TOP,Sett,30,6,12,5,13,147,3,5,2,10616,8060,0,1128,13899,8,2,13,0,1330,70,155,0,0,0,0,0,0
Fat Fat Monkey,False,JUNGLE,Graves,60,32,29,10,12,23,6,3,6,8975,11668,0,6797,17095,3,1,10,0,1330,480,95,0,0,0,0,0,0
Áo em xi o0o,False,MIDDLE,Yone,114,41,33,6,12,105,3,6,5,9086,9345,0,2354,17373,8,1,10,0,1330,58,159,0,0,0,0,0,0
FFW Heo Map,False,BOTTOM,Caitlyn,51,22,9,4,11,92,4,6,3,7501,8743,0,2472,10137,4,3,10,0,1330,24,138,0,0,0,0,0,0
FFW Nic Ngáo,False,UTILITY,Morgana,55,42,17,5,11,25,2,7,8,7374,10452,1473,2176,15870,26,6,61,0,1330,247,138,0,0,0,0,0,0
MVPete,True,TOP,Gnar,82,18,29,9,13,102,3,4,16,10750,13339,0,3141,16744,9,0,18,0,1273,296,83,0,0,0,0,0,0
Frommoh,True,JUNGLE,Olaf,133,39,73,6,13,20,14,2,13,10995,24296,0,12297,26309,3,1,16,0,1273,381,52,0,0,0,0,0,0
Gjallartom,True,MIDDLE,Azir,44,91,4,5,12,101,5,7,7,9152,8798,0,34,13573,4,2,7,0,1273,110,194,0,0,0,0,0,0
Bigge Stinnk,True,BOTTOM,Ezreal,215,47,35,8,12,139,15,4,13,9366,28796,0,3469,21328,3,1,11,0,1273,99,113,0,0,0,0,0,0
DragonBate986,True,UTILITY,Yuumi,30,110,54,6,12,2,1,3,30,8954,6212,2749,15323,7181,11,0,26,0,1273,23,77,0,0,0,0,0,0
5Wmow6gLp71,False,TOP,Nasus,123,14,26,5,12,114,2,6,2,9292,12047,0,3946,23815,3,1,6,0,1273,53,173,0,0,0,0,0,0
SmellyAllahToes,False,JUNGLE,LeeSin,127,90,76,6,11,12,6,9,10,8386,11961,632,4572,25985,7,0,13,0,1273,303,245,0,0,0,0,0,0
MeanoBeano,False,MIDDLE,Qiyana,87,93,25,10,13,126,10,6,5,10570,26022,0,1156,17361,4,2,11,0,1273,54,175,0,0,0,0,0,0
dtslayer1,False,BOTTOM,Kaisa,49,17,33,3,11,133,0,6,6,7615,7677,0,2524,14518,7,0,11,0,1273,0,115,0,0,0,0,0,0
Iamasaiyan,False,UTILITY,Blitzcrank,23,29,23,12,9,23,2,11,5,5359,6409,0,1145,19026,17,1,36,0,1273,106,197,0,0,0,0,0,0
Smedgar,True,TOP,Teemo,58,44,0,78,17,196,10,5,8,17868,38964,0,10057,25044,13,1,29,0,2047,470,128,0,0,0,0,0,0
Xamanthas,True,JUNGLE,Sion,136,103,74,13,17,52,8,4,19,18080,19717,2509,14391,40882,9,0,21,0,2047,725,131,0,0,0,0,0,0
Falloutlad,True,MIDDLE,Malphite,85,78,73,11,17,168,5,7,12,17023,20242,0,4604,23232,12,3,47,0,2047,572,245,0,0,0,0,0,0
TheKentDestroyer,True,BOTTOM,Jhin,71,28,17,21,16,198,11,5,11,15375,21156,0,9788,20891,14,5,36,0,2047,135,136,0,0,0,0,0,0
Anna Li,True,UTILITY,Senna,70,58,17,5,16,21,7,4,23,15087,29930,1068,18487,19475,29,8,68,0,2047,199,107,0,0,0,0,0,0
Arnz,False,TOP,Warwick,51,2,20,11,16,166,3,8,3,16476,12350,0,16250,45313,4,2,12,0,2047,85,297,0,0,0,0,0,0
Frommoh,False,JUNGLE,Volibear,53,101,68,9,14,32,2,8,10,12688,13483,0,8549,33776,2,3,15,0,2047,376,260,0,0,0,0,0,0
maxxryann,False,MIDDLE,Katarina,64,43,0,13,16,143,14,11,1,15116,27566,0,4691,30924,11,5,29,0,2047,45,436,0,0,0,0,0,0
Dinomanator,False,BOTTOM,Ezreal,289,54,29,13,16,199,5,6,5,15300,36005,0,6373,29648,8,5,19,0,2047,104,232,0,0,0,0,0,0
OnePuffWonder,False,UTILITY,Neeko,44,19,31,8,13,39,0,8,4,10417,5935,0,31,15717,31,8,61,0,2047,69,219,0,0,0,0,0,0
Shrawl,False,TOP,Sett,102,62,54,16,17,170,5,9,3,17059,16311,0,1714,44328,8,2,13,0,2276,214,392,0,0,0,0,0,0
Sament,False,JUNGLE,Rengar,178,107,113,18,16,61,9,13,4,15928,27461,0,16898,42785,6,7,33,0,2276,302,470,0,0,0,0,0,0
Alıce,False,MIDDLE,Yone,310,78,67,14,18,240,17,7,6,21221,43497,0,3656,43394,16,8,40,0,2276,228,310,0,0,0,0,0,0
Dermsu,False,BOTTOM,Vayne,101,0,24,10,18,260,11,11,8,19431,29096,0,6588,29894,14,8,22,0,2276,146,356,0,0,0,0,0,0
Sad Moon Boy,False,UTILITY,Karma,90,21,117,50,15,48,0,14,13,14460,16430,6762,887,27280,47,17,96,0,2276,255,414,0,0,0,0,0,0
RaysonZ,True,TOP,Ashe,77,115,21,16,18,217,2,6,16,22412,23088,0,7814,28079,12,2,26,0,2276,1007,251,0,0,0,0,0,0
Frommoh,True,JUNGLE,FiddleSticks,43,138,82,14,18,36,10,10,19,19544,39830,0,24329,51259,6,2,66,0,2276,698,373,0,0,0,0,0,0
RespectMyCombo,True,MIDDLE,Diana,100,49,42,13,18,188,10,9,9,20581,21625,0,5337,28458,9,3,19,0,2276,50,334,0,0,0,0,0,0
Bigge Stinnk,True,BOTTOM,Kaisa,95,43,105,12,18,221,21,10,11,23088,49181,0,15810,39583,10,7,24,0,2276,57,321,0,0,0,0,0,0
MVPete,True,UTILITY,Pyke,79,86,60,22,18,52,10,7,17,18936,14282,0,13461,32730,64,24,128,0,2276,133,245,0,0,0,0,0,0
Frommoh,True,TOP,Nasus,85,20,39,8,11,125,2,5,2,8512,10164,0,85,18746,2,1,7,0,1285,773,141,0,0,0,0,0,0
Send NuNudes,True,JUNGLE,Sejuani,28,72,66,6,12,23,7,1,11,9873,11701,0,6803,17101,9,2,26,0,1285,624,14,0,0,0,0,0,0
Sly Marbo,True,MIDDLE,Gangplank,127,9,73,5,13,137,3,1,6,10657,7230,0,2704,8195,6,0,8,0,1285,217,27,0,0,0,0,0,0
Bigge Stinnk,True,BOTTOM,Vayne,79,0,9,7,11,140,6,2,8,8470,10463,0,2793,7813,5,2,10,0,1285,82,54,0,0,0,0,0,0
MVPete,True,UTILITY,Nautilus,22,19,15,5,11,27,5,2,12,7999,6725,599,95,7334,16,4,47,0,1285,184,43,0,0,0,0,0,0
Y33tB1x,False,TOP,Jax,33,70,40,5,12,130,3,4,2,8966,10531,0,2841,15750,7,0,17,0,1285,108,129,0,0,0,0,0,0
ChaosMageTM,False,JUNGLE,Rengar,135,50,64,10,11,6,5,5,4,7375,9625,0,7520,17768,3,4,21,0,1285,300,127,0,0,0,0,0,0
magickaa,False,MIDDLE,Ryze,136,27,219,2,14,176,2,3,1,11778,9719,0,1605,10598,8,1,15,0,1285,67,44,0,0,0,0,0,0
Vesemír,False,BOTTOM,Kaisa,51,14,26,3,10,169,0,6,2,7099,5459,0,1739,10645,3,1,5,0,1285,0,143,0,0,0,0,0,0
DramaticChicken,False,UTILITY,Alistar,13,12,16,4,9,27,1,5,3,5352,4475,0,1738,9909,19,5,41,0,1285,46,95,0,0,0,0,0,0
Super teemo,False,TOP,Malphite,86,62,85,13,16,102,11,11,10,16060,30822,0,37,31167,7,3,19,0,1952,1179,337,0,0,0,0,0,0
CrossfaithCK,False,JUNGLE,Sejuani,53,74,54,9,15,28,1,11,9,13023,14373,0,6316,33000,11,1,19,0,1952,345,287,0,0,0,0,0,0
SLaVaNa,False,MIDDLE,Cassiopeia,117,17,347,8,17,209,5,9,5,16593,13885,0,5320,21719,9,2,14,0,1952,176,246,0,0,0,0,0,0
FlipperBoy,False,BOTTOM,Ashe,29,92,18,12,17,245,13,5,4,16745,35565,0,2089,23519,10,2,20,0,1952,1070,126,0,0,0,0,0,0
TheAscendant,False,UTILITY,Janna,116,64,51,8,14,16,1,7,14,12923,13241,5785,9642,18768,19,6,47,0,1952,238,206,0,0,0,0,0,0
Frommoh,True,TOP,Gwen,100,26,99,31,17,157,8,10,7,16866,24693,0,10435,35804,3,1,22,0,1952,123,316,0,0,0,0,0,0
heeeeeeee,True,JUNGLE,MasterYi,84,10,51,10,17,45,16,6,4,17485,26779,0,12585,30037,4,4,35,0,1952,230,214,0,0,0,0,0,0
Ugly Hat,True,MIDDLE,Akali,132,22,89,26,16,156,15,3,6,15290,27304,0,9446,27961,12,3,25,0,1952,51,139,0,0,0,0,0,0
Bigge Stinnk,True,BOTTOM,Kaisa,70,40,83,7,16,161,2,7,12,15396,14931,0,7546,26703,9,1,14,0,1952,31,247,0,0,0,0,0,0
MVPete,True,UTILITY,Nautilus,42,44,39,10,14,44,2,5,16,12202,8291,863,5310,24992,34,8,74,0,1952,290,133,0,0,0,0,0,0
Occuprox,True,TOP,Tryndamere,51,27,118,11,18,229,16,10,11,21019,41251,0,14456,45299,9,1,17,0,2122,71,402,0,0,0,0,0,0
Mr K,True,JUNGLE,DrMundo,223,60,100,13,17,61,7,8,23,16541,28433,0,24538,54798,11,3,24,0,2122,1091,273,0,0,0,0,0,0
Beskar,True,MIDDLE,Yone,240,59,48,11,17,175,8,12,11,17491,22418,0,7611,33145,11,3,29,0,2122,121,421,0,0,0,0,0,0
Frommoh,True,BOTTOM,Ezreal,346,108,35,14,17,161,17,9,11,17080,44799,0,7103,32538,10,0,30,0,2122,607,273,0,0,0,0,0,0
MVPete,True,UTILITY,Nautilus,51,50,48,17,16,35,2,10,23,14921,14484,2149,4141,26135,33,7,85,0,2122,453,256,0,0,0,0,0,0
O0T0T0O,False,TOP,Darius,59,84,9,12,16,127,5,10,14,16155,14273,0,5444,35931,11,3,22,0,2122,128,401,0,0,0,0,0,0
7neverlose,False,JUNGLE,MasterYi,91,5,70,16,17,34,16,10,11,17040,30816,0,9694,38441,15,1,37,0,2122,125,341,0,0,0,0,0,0
megatete,False,MIDDLE,Cassiopeia,122,52,379,16,17,181,6,6,16,18142,26972,0,7555,24326,14,0,36,0,2122,952,182,0,0,0,0,0,0
zGhouII,False,BOTTOM,Draven,71,81,24,12,16,192,10,12,19,14906,33029,0,9213,41565,11,1,32,0,2122,119,416,0,0,0,0,0,0
SmashNerd,False,UTILITY,Swain,74,54,85,20,16,48,12,12,22,14864,45099,0,11703,40350,9,10,34,0,2122,307,330,0,0,0,0,0,0
MVPete,False,TOP,Malphite,74,72,78,11,15,140,4,9,6,14304,17559,0,3463,27543,16,0,35,0,1999,747,320,0,0,0,0,0,0
Frommoh,False,JUNGLE,Viego,163,80,40,14,16,80,8,8,5,15003,23994,0,18474,41594,3,3,24,0,1999,198,262,0,0,0,0,0,0
Rito,False,MIDDLE,Zed,81,89,107,16,17,194,11,9,6,16642,26509,0,5164,28345,8,2,29,0,1999,214,301,0,0,0,0,0,0
layspersonalweed,False,BOTTOM,Jinx,158,56,19,9,14,162,3,7,8,11949,19656,0,3653,19365,10,3,19,0,1999,102,200,0,0,0,0,0,0
ångeldust,False,UTILITY,Lux,55,20,121,8,13,23,1,12,9,11346,17657,1724,1806,19970,20,3,41,0,1999,306,311,0,0,0,0,0,0
Falling Dead,True,TOP,Sett,96,23,43,13,16,147,12,4,8,15878,27385,0,6748,39117,10,1,15,0,1999,149,158,0,0,0,0,0,0
Douyu4493649,True,JUNGLE,Shaco,64,90,75,151,16,40,13,7,12,15633,29987,0,7864,30564,9,1,18,0,1999,631,204,0,0,0,0,0,0
Spéctré,True,MIDDLE,Ryze,277,68,171,4,17,214,1,7,4,16898,13114,0,2588,20482,12,1,26,0,1999,78,175,0,0,0,0,0,0
A ss killer,True,BOTTOM,Ezreal,276,62,27,10,16,169,15,4,13,14746,30838,0,5088,19936,10,2,20,0,1999,72,172,0,0,0,0,0,0
6qwer,True,UTILITY,Leona,37,48,42,12,14,43,4,5,22,12995,9386,603,1472,22269,18,5,46,0,1999,72,146,0,0,0,0,0,0
MVPete,True,TOP,Malphite,30,33,39,3,10,72,0,2,3,6815,4893,0,841,6865,6,0,15,0,951,347,48,0,0,0,0,0,0
Frommoh,True,JUNGLE,Rumble,64,75,75,4,10,13,6,3,3,6335,5124,0,4390,10240,3,2,17,0,951,252,43,0,0,0,0,0,0
ryukiku,True,MIDDLE,Katarina,44,21,0,2,11,94,7,1,1,7632,7708,0,1268,6636,5,1,8,0,951,12,32,0,0,0,0,0,0
MilkyWayMike,True,BOTTOM,Ezreal,126,14,7,2,9,111,5,0,5,5921,7102,0,696,3360,5,0,9,0,951,0,0,0,0,0,0,0,0
The Slap,True,UTILITY,Lux,15,5,67,2,9,18,4,0,3,5791,4740,227,0,1326,12,2,24,0,951,115,0,0,0,0,0,0,0
Greentimeish,False,TOP,Ryze,64,22,75,1,11,117,1,2,4,8301,5294,0,766,6025,5,0,4,0,951,36,56,0,0,0,0,0,0
D3VST8,False,JUNGLE,Warwick,43,4,18,2,7,3,0,5,4,3892,2880,0,4503,11012,4,1,7,0,951,140,69,0,0,0,0,0,0
Shikkrs,False,MIDDLE,Sylas,24,26,60,6,9,69,3,7,2,5303,6113,0,1086,12618,6,0,15,0,951,107,100,0,0,0,0,0,0
TomTom901,False,BOTTOM,Vayne,37,0,1,0,8,59,2,2,0,4428,1179,0,905,5332,4,0,5,0,951,16,41,0,0,0,0,0,0
mynuber,False,UTILITY,Soraka,18,9,5,1,7,8,0,6,1,3910,890,226,1920,4987,4,1,7,0,951,80,70,0,0,0,0,0,0
Insaniac,False,TOP,Shen,121,20,29,6,12,111,2,9,3,9800,9059,1681,356,35269,4,1,6,0,1643,280,269,0,0,0,0,0,0
TheRayis,False,JUNGLE,Nocturne,81,26,41,16,13,35,5,9,3,10017,13335,0,6296,29802,9,0,20,0,1643,1137,242,0,0,0,0,0,0
bananacannon,False,MIDDLE,Irelia,145,19,55,5,12,144,0,5,3,9288,5189,0,1954,18852,5,0,6,0,1643,37,167,0,0,0,0,0,0
Oakdawg,False,BOTTOM,Senna,59,37,14,6,15,168,8,4,2,13461,19553,347,6620,12865,7,1,12,0,1643,153,88,0,0,0,0,0,0
Mystini,False,UTILITY,Soraka,69,25,24,5,11,10,0,7,6,8052,6305,872,15238,17507,18,3,44,0,1643,226,218,0,0,0,0,0,0
MVPete,True,TOP,Gnar,137,30,49,12,15,116,5,5,14,13687,20269,0,9500,28793,11,1,28,0,1643,570,117,0,0,0,0,0,0
Frommoh,True,JUNGLE,Viego,134,76,32,12,15,36,10,5,9,13205,22317,0,14246,27484,4,5,27,0,1643,178,168,0,0,0,0,0,0
Tyrfing AGM,True,MIDDLE,Kassadin,67,70,61,80,16,126,14,1,9,14786,29342,0,8473,17889,7,1,14,0,1643,92,35,0,0,0,0,0,0
Shen GOAT,True,BOTTOM,Bard,41,35,21,2,13,23,1,2,12,10583,8704,1206,3654,12063,17,1,29,0,1643,161,54,0,0,0,0,0,0
One Punch Man,True,BOTTOM,Jhin,45,25,22,9,13,108,4,2,9,10838,9391,0,4198,10235,6,1,10,0,1643,62,48,0,0,0,0,0,0
H2k199,False,TOP,Ezreal,313,92,36,14,16,162,2,6,14,15912,25029,0,2681,21944,8,0,11,0,2040,14,231,0,0,0,0,0,0
28th july,False,JUNGLE,Graves,87,29,56,11,16,60,13,10,13,14975,27072,0,12591,34623,11,3,25,0,2040,363,331,0,0,0,0,0,0
Aknologia,False,MIDDLE,Leblanc,88,114,65,23,17,208,3,4,8,17353,13743,0,3635,22546,12,5,27,0,2040,53,185,0,0,0,0,0,0
OMGKristy,False,BOTTOM,MissFortune,71,92,50,11,15,172,17,10,12,14697,35638,0,4930,24963,10,3,20,0,2040,302,339,0,0,0,0,0,0
Techie015,False,UTILITY,Pantheon,63,33,22,7,13,53,5,13,11,10566,17827,0,1303,27628,38,3,59,0,2040,35,384,0,0,0,0,0,0
TempestKing,True,TOP,Volibear,74,69,67,13,17,151,5,5,16,17761,27191,0,9604,38905,10,2,21,0,2040,294,188,0,0,0,0,0,0
Yung Weezy,True,JUNGLE,FiddleSticks,37,146,84,15,17,44,14,5,10,17692,21954,0,17330,30785,1,1,40,0,2040,760,146,0,0,0,0,0,0
Gal25,True,MIDDLE,Galio,64,26,28,9,15,105,3,12,15,14011,15899,503,1415,27702,12,1,20,0,2040,77,383,0,0,0,0,0,0
Frommoh,True,BOTTOM,Tristana,38,30,48,9,17,180,17,7,8,17314,28637,0,11607,28793,12,5,31,0,2040,51,212,0,0,0,0,0,0
MVPete,True,UTILITY,Nautilus,49,45,31,11,16,33,4,11,24,14951,13149,1485,3513,26673,31,7,75,0,2040,300,275,0,0,0,0,0,0
Knight RVH,True,JUNGLE,Rengar,207,78,103,14,17,42,11,4,11,17240,29699,0,22340,37749,4,3,14,0,1944,329,148,0,0,0,0,0,0
Zartth,True,TOP,Urgot,44,44,29,14,17,174,7,6,10,17727,29478,0,5241,26752,13,5,37,0,1944,260,246,0,0,0,0,0,0
MID FAKER01,True,MIDDLE,Zed,119,106,155,23,18,191,14,7,11,19985,33464,0,5274,21345,13,0,34,0,1944,124,217,0,0,0,0,0,0
amauu,True,BOTTOM,Twitch,40,46,42,11,15,150,13,7,11,14559,31114,0,8371,26404,7,5,15,0,1944,416,265,0,0,0,0,0,0
Living Garbage,True,UTILITY,Teemo,65,44,0,96,15,28,9,4,19,14473,33186,0,2113,14561,41,17,84,0,1944,277,141,0,0,0,0,0,0
MVPete,False,TOP,Gnar,114,18,42,6,15,131,2,14,8,13104,12963,0,1425,31059,15,5,32,0,1944,504,472,0,0,0,0,0,0
Frommoh,False,JUNGLE,Kayn,109,67,27,24,15,59,9,13,7,13114,26761,0,23182,59754,5,6,22,0,1944,239,413,0,0,0,0,0,0
Zolrusu,False,MIDDLE,Akali,130,31,66,21,16,158,13,9,3,16380,23816,0,6365,33704,9,2,13,0,1944,66,253,0,0,0,0,0,0
LongJohnThicDic,False,BOTTOM,Caitlyn,69,47,15,6,14,171,1,11,8,12285,13464,0,6435,24473,13,0,13,0,1944,64,359,0,0,0,0,0,0
Greggy,False,UTILITY,Swain,63,60,64,12,14,41,2,7,10,12640,14891,0,8931,29977,27,11,48,0,1944,365,189,0,0,0,0,0,0
MVPete,False,TOP,Gnar,136,21,41,7,15,137,5,6,3,13961,14016,0,7415,31333,12,2,28,0,1837,546,180,0,0,0,0,0,0
Frommoh,False,JUNGLE,Rumble,108,126,134,14,14,38,8,6,9,12644,23086,0,6623,23306,5,4,30,0,1837,393,187,0,0,0,0,0,0
VitocOxOb,False,MIDDLE,Renekton,63,49,110,13,16,205,5,9,10,15659,19133,0,7831,44997,10,0,15,0,1837,212,336,0,0,0,0,0,0
Ballcheeze,False,BOTTOM,Samira,117,14,24,5,14,198,3,8,3,12917,10010,0,3723,20033,9,2,24,0,1837,7,226,0,0,0,0,0,0
sachi041,False,UTILITY,Lux,63,27,145,11,14,31,6,6,9,11889,19456,2263,716,8985,25,8,64,0,1837,252,99,0,0,0,0,0,0
UnderSobered,True,TOP,MonkeyKing,106,43,82,24,17,132,11,7,5,17071,29833,0,12009,35752,7,2,14,0,1837,76,214,0,0,0,0,0,0
mattmcd8,True,JUNGLE,MasterYi,95,17,55,11,17,54,9,6,6,16711,16428,0,16247,31358,7,2,18,0,1837,199,171,0,0,0,0,0,0
Cristobal,True,MIDDLE,Yone,245,42,42,9,17,185,7,6,7,18281,23097,0,9671,30066,13,3,31,0,1837,160,150,0,0,0,0,0,0
PràY,True,BOTTOM,Cassiopeia,122,33,329,10,16,179,5,4,13,15297,23276,0,4229,13428,12,1,27,0,1837,315,112,0,0,0,0,0,0
Hutdiggity,True,UTILITY,Leona,39,29,25,9,15,45,3,4,10,13150,5976,678,2890,18351,18,7,41,0,1837,71,95,0,0,0,0,0,0
Aenoxx,False,TOP,Shen,114,27,37,7,16,117,7,7,18,15871,22275,4920,3311,40207,14,3,33,0,2438,236,321,0,0,0,0,0,0
post balone,False,JUNGLE,Khazix,183,111,41,32,18,49,10,9,12,18466,21605,0,18337,41314,10,10,42,0,2438,174,288,0,0,0,0,0,0
zahindra,False,MIDDLE,Ahri,105,110,18,27,18,216,5,5,8,18524,21010,0,3552,18832,16,9,39,0,2438,26,165,0,0,0,0,0,0
Sushi Hub,False,BOTTOM,Jhin,93,34,48,35,17,249,15,6,12,17643,40854,0,6822,21246,13,3,27,0,2438,148,189,0,0,0,0,0,0
KiwiTerminator,False,UTILITY,Blitzcrank,40,51,35,24,15,63,1,10,19,13810,17716,0,2581,36321,44,12,95,0,2438,200,318,0,0,0,0,0,0
Draco73,True,TOP,Irelia,256,37,81,12,18,259,5,11,14,20226,28323,0,7199,40065,16,6,44,0,2438,94,361,0,0,0,0,0,0
Frommoh,True,JUNGLE,LeeSin,262,149,159,12,18,56,8,4,14,19487,21018,1458,18553,46825,16,1,35,0,2438,469,109,0,0,0,0,0,0
Jpaj,True,MIDDLE,Vladimir,325,13,102,9,18,224,6,6,9,19281,22094,0,24633,25170,11,10,41,0,2438,113,254,0,0,0,0,0,0
Bigge Stinnk,True,BOTTOM,Kaisa,113,58,127,10,18,252,12,6,11,21422,42936,0,11576,31087,14,5,50,0,2438,76,206,0,0,0,0,0,0
MVPete,True,UTILITY,Nautilus,55,43,40,13,16,50,6,11,21,15822,15591,1897,3229,27682,41,12,102,0,2438,470,259,0,0,0,0,0,0
EzRa V3,False,TOP,Kled,46,0,21,0,13,118,1,5,0,11132,3300,0,1395,18637,5,0,12,0,1715,58,152,0,0,0,0,0,0
StolenGen,False,JUNGLE,Zac,42,148,66,7,13,39,1,4,11,10450,11764,0,24831,26933,8,2,18,0,1715,499,113,0,0,0,0,0,0
yoyoooooooo,False,MIDDLE,Akali,137,11,61,15,14,180,9,3,3,11586,15632,0,6281,20443,10,1,18,0,1715,56,100,0,0,0,0,0,0
bbajae,False,BOTTOM,Vayne,81,0,14,9,12,100,2,8,6,8774,5847,0,4049,17644,5,1,12,0,1715,6,189,0,0,0,0,0,0
I am Daddy,False,UTILITY,Morgana,56,51,26,4,11,14,3,3,6,7322,11253,787,1850,12069,30,7,63,0,1715,69,101,0,0,0,0,0,0
Wh1t3z,True,TOP,MonkeyKing,100,18,64,16,15,164,7,3,5,14547,17047,0,3844,19419,8,2,14,0,1715,25,119,0,0,0,0,0,0
Frommoh,True,JUNGLE,Gragas,189,93,56,8,14,13,5,4,8,12621,13840,0,14834,24046,6,2,27,0,1715,362,79,0,0,0,0,0,0
KomiChan,True,MIDDLE,Yasuo,236,10,105,5,15,196,4,2,5,13909,13651,0,4325,12545,12,4,31,0,1715,107,62,0,0,0,0,0,0
Efilryan,True,BOTTOM,Kaisa,42,27,37,5,13,161,5,3,6,10716,18088,0,3913,10087,6,4,14,0,1715,21,76,0,0,0,0,0,0
i miss dad,True,UTILITY,Orianna,75,106,75,9,13,30,2,4,12,10086,8781,4318,953,11605,19,5,52,0,1715,394,102,0,0,0,0,0,0
stealthman4,True,TOP,Yorick,182,15,23,6,17,214,2,7,8,17540,16288,0,10231,33807,9,1,16,0,2108,73,281,0,0,0,0,0,0
Frommoh,True,JUNGLE,Viego,164,97,52,17,17,41,13,7,12,16638,22854,9,14682,34641,6,9,31,0,2108,222,262,0,0,0,0,0,0
LOLOMAMA,True,MIDDLE,Talon,109,119,211,12,17,190,8,1,10,16985,20001,0,10539,21922,4,4,16,0,2108,204,27,0,0,0,0,0,0
Ayun Mayun,True,BOTTOM,Draven,67,95,16,11,17,230,12,5,12,16680,34295,0,6234,25001,8,5,21,0,2108,58,170,0,0,0,0,0,0
i miss dad,True,UTILITY,Amumu,52,70,52,14,14,52,3,11,15,12673,21176,0,4035,30885,39,8,75,0,2108,100,282,0,0,0,0,0,0
SneakyBUSH,False,TOP,Garen,87,21,72,10,18,219,13,7,6,18925,32089,0,5380,42809,12,1,19,0,2108,241,281,0,0,0,0,0,0
RAZERSHARP SwoRD,False,JUNGLE,Shen,110,36,50,7,14,26,2,8,16,12549,9379,2117,6977,31527,17,6,39,0,2108,361,231,0,0,0,0,0,0
Hutch,False,MIDDLE,Lux,62,38,231,16,16,185,9,7,12,15703,29289,3898,691,15891,14,5,19,0,2108,621,192,0,0,0,0,0,0
Scentefy,False,BOTTOM,Ezreal,280,50,45,15,15,188,4,7,16,13972,29828,0,3972,20214,8,3,23,0,2108,323,167,0,0,0,0,0,0
rucas,False,UTILITY,Pantheon,83,37,29,3,15,84,3,9,11,13528,14482,0,3850,28433,27,7,53,0,2108,41,222,0,0,0,0,0,0
YongSu,False,TOP,Fiora,127,17,37,6,15,142,6,7,6,13233,17264,0,7675,28747,9,1,13,0,1696,90,218,0,0,0,0,0,0
GhillieReforged,False,JUNGLE,Evelynn,344,20,49,5,12,6,1,11,7,8866,6157,0,6262,24310,4,4,19,0,1696,148,263,0,0,0,0,0,0
Wardên,False,MIDDLE,Veigar,121,85,38,10,14,126,5,9,9,11749,20560,0,2909,20773,9,3,15,0,1696,94,232,0,0,0,0,0,0
1jesse2,False,BOTTOM,Jinx,73,27,19,5,13,159,4,9,10,10980,10976,0,3626,18189,12,2,15,0,1696,46,229,0,0,0,0,0,0
Inuoka,False,UTILITY,Pyke,56,36,26,7,12,50,4,9,6,8786,7464,0,2289,17956,26,3,42,0,1696,109,238,0,0,0,0,0,0
MVPete,True,TOP,Urgot,54,107,31,10,14,104,3,8,7,12428,13757,0,2104,20393,11,2,22,0,1696,197,206,0,0,0,0,0,0
Frommoh,True,JUNGLE,Volibear,57,128,71,9,15,26,11,2,11,14691,19109,0,13429,27882,4,5,23,0,1696,385,75,0,0,0,0,0,0
Fizzpalm,True,MIDDLE,Malphite,56,33,39,11,14,103,15,4,7,13004,26931,0,366,11677,10,2,19,0,1696,295,142,0,0,0,0,0,0
Scrubward,True,BOTTOM,Samira,97,15,44,6,16,190,15,4,5,15023,21040,0,4784,18557,8,4,38,0,1696,21,134,0,0,0,0,0,0
Prevailu,True,UTILITY,Leona,44,46,20,11,14,37,1,2,22,12617,6267,713,1756,14010,16,9,58,0,1696,90,70,0,0,0,0,0,0
Daal,True,TOP,Ornn,72,43,26,20,17,92,7,8,19,16679,20883,0,1707,33894,15,5,36,0,2129,367,227,0,0,0,0,0,0
Skyaaah,True,JUNGLE,Graves,125,23,25,10,18,69,8,3,8,18396,19635,0,10310,23743,4,4,33,0,2129,439,90,0,0,0,0,0,0
Last Love,True,MIDDLE,Yone,226,54,47,13,18,231,13,9,8,19336,43975,0,8339,33791,7,8,26,0,2129,112,350,0,0,0,0,0,0
Brother Dest,True,BOTTOM,MissFortune,66,55,23,6,15,202,12,5,6,13657,24744,0,5675,18383,9,5,28,0,2129,66,206,0,0,0,0,0,0
SomeOwl,True,UTILITY,Leona,60,54,41,15,15,50,1,4,21,13261,10667,1348,3069,20618,37,11,86,0,2129,96,123,0,0,0,0,0,0
Frommoh,False,TOP,Sylas,63,63,136,33,16,113,9,11,8,14945,23481,0,7846,39821,4,0,21,0,2129,335,383,0,0,0,0,0,0
MVPete,False,JUNGLE,Volibear,107,171,96,12,17,54,4,7,15,17235,20525,0,13441,41776,5,3,30,0,2129,645,229,0,0,0,0,0,0
anph0ni3,False,MIDDLE,Samira,140,17,33,9,16,163,8,10,8,15205,22857,0,4509,28013,18,2,28,0,2129,16,353,0,0,0,0,0,0
EpiXTreX,False,BOTTOM,Ezreal,243,45,30,14,16,206,5,4,6,14966,26297,0,5396,20514,12,4,22,0,2129,36,140,0,0,0,0,0,0
Prevailu,False,UTILITY,Karma,104,16,63,38,15,40,3,9,13,13388,12336,5296,962,20375,33,12,76,0,2129,233,232,0,0,0,0,0,0
MVPete,True,TOP,Gnar,159,20,52,9,17,165,6,5,11,17742,21553,0,10518,33142,12,1,20,0,1984,485,149,0,0,0,0,0,0
Frommoh,True,JUNGLE,Rumble,135,159,172,13,16,24,3,5,13,15201,20274,0,10949,31265,5,1,21,0,1984,453,168,0,0,0,0,0,0
P1kachu17,True,MIDDLE,Ahri,80,98,41,22,18,197,12,1,15,19122,23344,0,5739,14764,8,0,16,0,1984,65,38,0,0,0,0,0,0
blazeflare69,True,BOTTOM,Ezreal,418,101,63,16,17,164,18,6,15,17423,37109,0,6330,26724,8,1,19,0,1984,396,177,0,0,0,0,0,0
ForTheGloryV,True,UTILITY,Senna,82,48,34,9,15,34,7,7,27,14437,22901,1723,19931,25455,32,9,75,0,1984,196,215,0,0,0,0,0,0
ktkback,False,TOP,Garen,78,18,37,8,15,110,11,8,1,14073,22215,0,2921,40788,7,0,10,0,1984,203,303,0,0,0,0,0,0
Drago123654,False,JUNGLE,Diana,108,54,65,10,14,48,3,12,3,11892,16916,0,6214,32127,1,3,19,0,1984,209,403,0,0,0,0,0,0
IAMASAVAGEEE,False,MIDDLE,Yone,288,45,37,8,17,242,6,6,3,16495,16064,0,10458,31865,4,1,8,0,1984,208,186,0,0,0,0,0,0
HkG Destiny,False,BOTTOM,Kaisa,73,27,56,5,13,132,1,10,5,10971,14359,0,5176,23555,9,3,16,0,1984,11,294,0,0,0,0,0,0
Chumpz,False,UTILITY,Morgana,64,89,19,7,13,54,3,10,6,10963,22750,650,3656,24113,19,3,41,0,1984,70,349,0,0,0,0,0,0
spudymanz,False,TOP,Sylas,84,36,71,14,13,120,4,10,5,10971,14814,0,3765,25249,6,1,10,0,1561,328,288,0,0,0,0,0,0
R3V3RS3Z00M,False,JUNGLE,Sion,78,59,32,9,14,32,8,8,9,12024,23325,0,4583,31157,9,2,21,0,1561,489,239,0,0,0,0,0,0
Larkyre,False,MIDDLE,Veigar,89,60,31,7,13,106,3,7,9,10792,17902,0,1541,18033,6,1,13,0,1561,49,198,0,0,0,0,0,0
Sn0w Drag0n,False,BOTTOM,Samira,82,9,18,5,12,129,9,7,5,9761,13476,0,2617,14943,6,0,6,0,1561,20,154,0,0,0,0,0,0
kemutan,False,UTILITY,Rell,22,37,37,6,12,29,1,8,11,8698,6217,1091,1519,14774,12,2,25,0,1561,55,167,0,0,0,0,0,0
Máx,True,TOP,Renekton,79,46,76,8,16,168,14,5,11,15483,24654,0,13616,38354,6,2,11,0,1561,82,135,0,0,0,0,0,0
Frommoh,True,JUNGLE,Rumble,113,124,140,9,15,14,8,6,13,13128,22070,0,7810,23351,5,1,21,0,1561,426,198,0,0,0,0,0,0
wasp,True,MIDDLE,Yone,177,56,40,8,15,129,5,7,9,13499,20603,0,5742,23226,9,1,16,0,1561,124,243,0,0,0,0,0,0
Bigge Stinnk,True,BOTTOM,Jhin,74,36,21,16,14,152,8,3,15,12309,17238,0,5321,14672,7,2,18,0,1561,118,104,0,0,0,0,0,0
MVPete,True,UTILITY,Nautilus,32,28,18,7,13,34,5,4,17,10397,8267,550,1460,13432,19,7,56,0,1561,238,93,0,0,0,0,0,0
DrBobMD,True,TOP,Garen,76,28,60,8,15,128,5,6,4,13216,12974,0,1588,22572,6,1,10,0,1564,95,167,0,0,0,0,0,0
MrSin7,True,JUNGLE,Nocturne,87,21,52,16,15,54,12,2,10,13561,18415,0,12761,22122,5,4,24,0,1564,474,62,0,0,0,0,0,0
Grunk,True,MIDDLE,Ahri,69,72,20,21,14,133,10,2,8,12910,18590,0,2375,12937,11,4,26,0,1564,41,81,0,0,0,0,0,0
DatPicture,True,BOTTOM,Jhin,68,43,47,30,14,145,9,4,17,11773,24995,0,5877,18215,10,0,17,0,1564,142,93,0,0,0,0,0,0
MrWingWong,True,UTILITY,Thresh,33,35,19,7,13,28,2,2,24,11375,7386,2603,616,13562,16,4,35,0,1564,84,51,0,0,0,0,0,0
MVPete,False,TOP,Gnar,99,17,33,9,13,134,0,7,5,11411,11129,0,2110,20350,10,2,20,0,1564,331,219,0,0,0,0,0,0
Frommoh,False,JUNGLE,Viego,103,51,25,10,12,26,4,11,1,8929,7421,0,7316,28891,4,2,14,0,1564,100,315,0,0,0,0,0,0
babyshark75,False,MIDDLE,Zed,82,75,74,14,13,131,9,6,1,10530,19047,0,924,18129,7,3,18,0,1564,113,168,0,0,0,0,0,0
sunbo1314,False,BOTTOM,Ezreal,166,31,24,9,12,147,2,9,4,9813,16390,0,2464,21077,5,5,15,0,1564,1,207,0,0,0,0,0,0
LIUFEIW,False,UTILITY,Yuumi,40,86,37,8,12,7,1,5,9,8778,8709,1939,5201,8921,17,4,56,0,1564,58,113,0,0,0,0,0,0
Metroomann,True,TOP,Taliyah,120,25,27,3,15,107,3,10,7,13026,13448,0,1949,19127,8,0,20,0,1836,291,317,0,0,0,0,0,0
xSynapse,True,JUNGLE,Kayn,126,78,48,14,14,35,6,9,13,12966,18677,0,15990,41293,3,4,26,0,1836,274,256,0,0,0,0,0,0
SenpaiVenus,True,MIDDLE,Yasuo,336,24,207,12,16,197,25,7,7,15867,66805,0,10246,36455,10,3,21,1,1836,164,244,0,0,0,0,0,0
WhiteNightIsLazy,True,BOTTOM,Ezreal,201,60,33,13,15,160,4,3,16,13847,23565,0,4165,18570,8,0,12,0,1836,0,108,0,0,0,0,0,0
Kullerth3W0rld,True,UTILITY,Lulu,84,48,69,7,14,13,0,6,27,12319,6372,7929,4463,12567,13,1,26,0,1836,363,164,0,0,0,0,0,0
MVPete,False,TOP,Gnar,131,28,42,11,15,125,5,9,12,14612,19077,0,6946,33435,13,0,29,0,1836,459,274,0,0,0,0,0,0
Frommoh,False,JUNGLE,DrMundo,173,50,96,12,14,17,5,7,15,12133,21951,0,22659,47685,4,1,18,0,1836,339,210,0,0,0,0,0,0
Jon160494,False,MIDDLE,Anivia,116,15,76,113,15,120,14,8,6,13225,26381,0,2041,29884,10,0,18,0,1836,834,260,0,0,0,0,0,0
Eoe Sky,False,BOTTOM,Kaisa,53,38,66,9,14,138,10,8,10,11865,23744,0,6179,25232,8,1,15,0,1836,34,253,0,0,0,0,0,0
PermanentJaguar,False,UTILITY,Yuumi,62,123,63,10,13,5,1,6,23,10554,8516,3405,13925,13476,10,4,27,0,1836,54,174,0,0,0,0,0,0
