SummonerName,WinLoss,Lane,Champion,Q casts,W casts,E casts,R casts,ChampLevel,CS,Kills,Deaths,Assists,Exp,Damage,Shielding,Healing,Total Damage Taken,Wards Placed,Wards Killed,Vision Score,Penta Kills,Game Time seconds,Crowd Control,Time spent dead,Kill participation,Team damage percentage,Skillshots hit,Skillshots dodged,Solo kills,Turret plates taken
Fizz on ur Jayce,False,Invalid,Tryndamere,25,36,92,13,18,77,9,12,29,33456,25821,0,14512,49491,0,0,0,0,1715,257,425,0.475,0.13788841330990284,71,106,1,0
Arion,False,Invalid,Sion,92,45,51,18,18,83,23,19,20,31118,44513,0,4645,88184,0,0,0,0,1715,734,531,0.5375,0.23770035687023439,96,164,2,0
ElmoKillsYou,False,Invalid,Lissandra,82,37,42,8,18,67,5,16,35,28187,19801,0,2888,37464,0,0,0,0,1715,412,442,0.5,0.10574028436770286,61,54,0,0
KaleidoGhost,False,Invalid,Teemo,70,32,0,80,18,47,8,16,29,33061,49485,0,1459,37805,0,0,0,0,1715,620,460,0.4625,0.26424990866262155,50,71,1,0
SCIENC3,False,Invalid,Sivir,75,75,43,15,18,122,21,17,29,29762,47644,0,1682,44464,0,0,0,0,1715,60,549,0.625,0.25442103678953837,63,100,2,0
LTae,True,Invalid,Seraphine,174,71,114,18,18,74,7,16,52,34097,37424,6748,6005,40230,0,0,0,0,1715,228,449,0.8939393939393939,0.15842726685320543,41,30,0,0
Eitakei,True,Invalid,Azir,50,154,3,16,18,116,25,15,30,33944,94329,0,3601,35516,0,0,0,0,1715,211,460,0.8333333333333334,0.3993245023297033,48,28,1,0
Gothulicious,True,Invalid,Zilean,303,223,127,19,18,95,13,8,51,38952,29592,0,15087,26863,0,0,0,0,1715,405,242,0.9696969696969697,0.12527218015742833,24,20,0,0
Ausfreak,True,Invalid,Skarner,135,75,62,13,18,20,13,14,42,29591,26028,0,2734,43956,0,0,0,0,1715,287,427,0.8333333333333334,0.11018736802952542,60,57,1,0
BeyondRevenant,True,Invalid,Riven,280,56,118,29,18,81,22,13,17,35173,48848,0,13455,53063,0,0,0,0,1715,90,377,0.5909090909090909,0.2067886826301375,67,57,0,0
leBigMAK,False,TOP,Gangplank,130,7,94,7,15,234,5,3,4,14454,16004,0,1670,14645,11,4,24,0,1628,219,72,0.2647058823529412,0.2938827875487268,38,12,1,0
MrPopsicles,False,JUNGLE,Nocturne,71,14,25,15,12,22,3,5,6,9632,8569,0,8041,23191,1,5,14,0,1628,448,150,0.2647058823529412,0.15735149628030917,22,14,0,0
FPX MLXB,False,MIDDLE,Lissandra,97,18,21,14,13,123,2,8,1,10490,12699,0,1159,22081,7,0,11,0,1628,205,239,0.08823529411764706,0.23320089662284865,58,24,1,1
peedrinker123,False,BOTTOM,Varus,61,24,34,9,12,163,1,9,4,9951,8350,0,1988,14427,8,1,9,0,1628,219,244,0.14705882352941177,0.15334362420986417,14,5,0,0
AfroNardo,False,UTILITY,Malphite,47,15,21,6,11,19,2,9,3,8100,8834,0,0,11035,28,2,43,0,1628,195,127,0.14705882352941177,0.16222119533825122,38,18,0,0
Sanj leh,True,TOP,Kayle,58,31,48,4,15,165,3,3,4,14234,9129,0,2961,13828,10,4,23,0,1628,243,91,0.5384615384615384,0.1308177355421982,4,17,0,0
Matrox,True,JUNGLE,Nunu,89,57,174,13,14,28,4,3,14,12860,11569,0,15377,28783,6,1,17,0,1628,366,57,1.3846153846153846,0.16577718573735076,25,24,2,2
kai tomac,True,MIDDLE,Zed,71,39,77,9,15,170,7,5,3,13031,18654,0,1225,15041,8,0,11,0,1628,165,142,0.7692307692307693,0.26730215751383357,33,41,0,3
WhippedCrm,True,BOTTOM,Lucian,86,41,68,10,16,207,17,1,5,16126,22594,0,2369,16411,6,0,18,0,1628,81,8,1.6923076923076923,0.32374700898024117,16,26,3,5
Ausfreak,True,UTILITY,Blitzcrank,20,36,26,11,13,30,3,1,17,11088,7841,0,1938,13623,18,11,58,0,1628,114,33,1.5384615384615385,0.1123559122263763,22,50,0,3
SoggyCarrots,False,TOP,Sion,65,57,47,9,15,205,1,14,1,13461,11349,0,2279,53023,2,0,3,0,1829,974,379,0.044444444444444446,0.1517086673660213,61,32,0,3
BamboonOnAcid,False,JUNGLE,Ekko,112,35,85,10,15,66,9,7,6,14205,17063,0,9490,32561,3,2,16,0,1829,458,223,0.3333333333333333,0.2280816364167333,26,21,0,0
Pokiee,False,MIDDLE,Leblanc,87,117,56,24,14,149,6,8,9,12874,20419,0,2384,28899,9,4,25,0,1829,52,244,0.3333333333333333,0.27294658823911494,26,16,1,0
zarachful,False,BOTTOM,Ashe,18,69,14,10,14,196,3,8,7,12228,16643,0,1871,21550,8,2,19,0,1829,785,193,0.2222222222222222,0.22247450297862728,22,7,0,0
Tingl,False,UTILITY,Soraka,110,31,29,6,13,17,0,8,9,11067,9335,597,16464,19758,14,4,31,0,1829,244,183,0.2,0.12478860499950319,17,15,0,0
sex sounds fuark,True,TOP,Yone,315,92,40,8,18,248,14,4,1,20447,38390,0,1783,27860,9,1,25,0,1829,212,146,0.7894736842105263,0.2878682236980311,33,40,10,2
Frommoh,True,JUNGLE,Volibear,41,132,81,8,16,22,6,4,18,15363,14881,0,12391,34573,3,4,23,0,1829,425,93,1.263157894736842,0.11158536260310474,70,122,0,3
DragoonSlayeer,True,MIDDLE,Kaisa,79,75,38,8,16,187,8,5,10,15721,42188,0,1761,13801,10,0,20,0,1829,33,142,0.9473684210526315,0.3163501239758359,25,27,1,5
Koonta,True,BOTTOM,Tristana,26,29,33,7,16,159,13,2,9,14748,28618,0,4924,20108,12,2,30,0,1829,27,77,1.1578947368421053,0.21459282523021614,47,74,2,0
Ausfreak,True,UTILITY,Nami,44,61,72,7,15,8,4,4,21,13694,9282,0,12225,13795,13,7,42,0,1829,199,122,1.3157894736842106,0.06960346449281211,43,79,0,0
Jashroin,False,TOP,Garen,91,37,68,16,18,195,14,9,13,22199,41351,0,7517,52737,8,0,13,0,2436,315,363,0.43548387096774194,0.2001550649761843,44,19,4,5
Frommoh,False,JUNGLE,Lillia,249,105,86,13,18,116,24,8,18,27297,65857,0,24625,55002,5,4,25,0,2436,365,319,0.6774193548387096,0.31877474703290387,18,16,6,2
Elevating,False,MIDDLE,Amumu,87,114,122,19,18,166,4,20,18,20228,25872,0,2203,42874,14,2,25,0,2436,272,651,0.3548387096774194,0.1252330322234622,30,12,1,3
MilkyWayMike,False,BOTTOM,Ezreal,383,64,53,17,18,214,23,12,10,23268,58622,0,4637,35721,13,3,22,0,2436,150,408,0.532258064516129,0.2837553023190114,29,5,8,0
Ausfreak,False,UTILITY,Blitzcrank,35,63,40,19,16,34,3,13,24,16452,14891,1908,516,31959,26,10,82,0,2436,164,459,0.43548387096774194,0.07208185344843825,34,15,0,0
Hearnbingy,True,TOP,Urgot,44,218,26,14,18,247,9,12,10,21646,32537,0,6903,49800,12,2,22,0,2436,393,491,0.27941176470588236,0.18865687643608567,48,20,3,2
Equ1n0x,True,JUNGLE,Warwick,114,18,61,15,18,54,21,13,18,22223,37204,0,40600,79428,12,2,24,0,2436,241,431,0.5735294117647058,0.21571972957508478,53,20,3,0
baitsuo,True,MIDDLE,Yasuo,313,22,152,13,18,156,9,17,15,20255,34657,0,4999,43333,16,1,33,0,2436,161,654,0.35294117647058826,0.20095015138827835,31,17,5,2
PhilDeezNutz,True,BOTTOM,Kalista,76,0,130,7,18,169,16,14,15,19900,29275,0,7869,41684,13,3,25,0,2436,158,489,0.45588235294117646,0.16974757099392387,62,41,2,4
NoFapToDiamond,True,UTILITY,Morgana,103,120,27,11,18,128,7,12,29,20639,38792,1987,9184,36164,23,3,51,0,2436,183,463,0.5294117647058824,0.22492567160662735,63,34,1,4
Kingdomkey93,False,TOP,Gangplank,179,32,84,7,14,135,7,6,13,11451,25877,0,7262,20268,5,2,12,0,1497,215,183,0.46511627906976744,0.4317811384656852,11,0,2,3
Frommoh,False,JUNGLE,Poppy,83,18,33,7,13,28,8,8,4,10025,9389,0,4379,22230,6,4,22,0,1497,522,223,0.27906976744186046,0.15667320347095068,15,4,1,0
Ausfreak,False,MIDDLE,Ahri,49,68,23,20,11,105,3,7,6,8360,8065,0,1732,12488,6,1,10,0,1497,25,199,0.20930232558139536,0.13457083868337938,14,4,0,3
lolove,False,BOTTOM,Draven,65,54,14,7,11,87,2,11,6,8397,8093,0,2067,16649,6,2,9,0,1497,46,244,0.18604651162790697,0.1350445480189354,12,11,0,0
huykute,False,UTILITY,Galio,26,29,34,3,11,19,5,11,12,7344,8506,409,672,20018,9,1,19,0,1497,260,237,0.3953488372093023,0.14193027136104927,15,9,1,1
Lamour,True,TOP,Vladimir,174,8,54,6,13,124,5,6,4,10261,13978,0,14243,20204,10,0,16,0,1497,90,120,0.36,0.176821319412016,27,13,0,2
Count Vronsky,True,JUNGLE,Nocturne,84,15,43,16,14,4,6,6,10,11699,15636,0,9586,22330,7,3,22,0,1497,354,192,0.64,0.19779496733645927,22,23,4,0
baitsuo,True,MIDDLE,Yasuo,166,11,95,5,13,100,6,9,9,11320,13520,0,1351,18066,9,0,32,0,1497,76,265,0.6,0.17102694017913836,28,39,3,2
PhilDeezNutz,True,BOTTOM,Kalista,56,0,96,6,14,153,24,1,5,11613,27026,0,2433,13840,10,3,26,0,1497,176,42,1.16,0.3418714753531012,26,22,2,5
Ragefirebear,True,UTILITY,Leona,45,40,31,10,13,40,2,3,23,9994,8892,524,471,13115,23,5,43,0,1497,84,94,1,0.1124852977192852,31,33,0,2
Bucukaqi,True,TOP,Sion,42,38,24,4,12,141,6,3,2,9783,11970,0,433,11386,5,0,8,0,990,350,86,0.6666666666666666,0.2742316369948213,3,1,4,9
ekkolocation,True,JUNGLE,Warwick,59,4,27,3,10,5,5,1,6,6872,7605,0,8325,12258,1,0,19,0,990,335,27,0.9166666666666666,0.1742413631397854,10,5,1,3
Bad4SSBilbo,True,MIDDLE,Lux,35,19,89,7,10,98,4,2,4,7219,6925,393,0,4022,5,1,9,0,990,221,42,0.6666666666666666,0.15866231559340033,5,0,0,2
SammyD977,True,BOTTOM,Samira,59,8,19,5,10,108,10,4,2,6914,15897,0,1052,11014,6,0,10,0,990,1,76,1,0.3641929994581755,51,23,7,0
Ausfreak,True,UTILITY,Pyke,27,24,16,1,9,23,0,2,3,5453,1251,0,1076,5472,8,4,18,0,990,43,42,0.25,0.02867168481381751,27,11,0,0
queenbabe,False,TOP,Jax,29,35,30,4,11,116,3,4,0,7525,7105,0,2582,11701,3,0,4,0,990,74,61,0.12,0.24011486447297392,10,8,1,0
tobrcbzxi,False,JUNGLE,Kayn,57,25,20,6,9,11,3,8,5,5862,5530,0,3686,15487,0,1,5,0,990,84,137,0.32,0.18690721235266652,7,17,0,0
oolzrdr,False,MIDDLE,Veigar,61,28,12,4,10,85,4,5,1,6828,5913,0,0,8289,7,0,16,0,990,25,93,0.2,0.19982124822793104,16,22,2,1
IEatFood,False,BOTTOM,Xayah,39,18,18,3,8,90,1,4,4,4620,7953,291,690,8465,5,0,7,0,990,10,90,0.2,0.268773263368287,9,4,0,1
BigMommyMilky,False,UTILITY,Rakan,18,21,31,3,8,24,0,4,5,4407,3088,1226,1827,8803,12,2,23,0,990,38,90,0.2,0.10438341157814153,15,15,0,1
Perineum,True,TOP,Gangplank,100,11,61,4,12,128,7,1,8,9915,12458,0,2352,11107,4,0,6,0,1097,154,14,2.5,0.2620206823549407,3,4,3,5
PUNJABKEBAB,True,JUNGLE,LeeSin,114,106,90,6,11,12,7,1,11,8193,5934,117,4137,11953,7,0,11,0,1097,354,21,3,0.12481465135785239,4,5,0,3
410,True,MIDDLE,Yone,153,44,25,5,11,103,7,2,9,8522,12700,0,1098,13422,6,1,16,0,1097,152,38,2.6666666666666665,0.2671184035167038,12,12,0,4
FoCG Johni,True,BOTTOM,Ashe,25,59,5,6,12,127,10,1,10,8615,11928,0,476,6554,5,0,11,0,1097,457,27,3.3333333333333335,0.2508752247426259,9,6,1,5
Banzhee,True,UTILITY,Renata,28,8,35,4,10,7,1,1,19,6958,4525,2412,1711,6949,12,1,29,0,1097,235,27,3.3333333333333335,0.0951710380278772,8,13,0,8
bozhiii,False,TOP,MonkeyKing,51,10,34,8,11,106,1,8,0,7707,8441,0,657,14937,3,1,5,0,1097,28,160,0.030303030303030304,0.2993623175797571,15,22,1,0
OceanTide,False,JUNGLE,Shyvana,73,53,63,8,10,33,3,2,0,7198,6695,0,4322,16007,6,3,12,0,1097,149,27,0.09090909090909091,0.23743442753631608,15,27,0,0
Bucukaqi,False,MIDDLE,Kaisa,60,25,36,5,11,115,2,8,3,7762,7453,0,564,12644,6,0,8,0,1097,3,172,0.15151515151515152,0.26432646890708367,16,22,2,0
eRWallis,False,BOTTOM,Draven,31,23,9,4,9,90,0,11,0,5652,4328,0,316,13085,3,0,4,0,1097,54,165,0,0.15350660914744926,29,68,0,1
Ausfreak,False,UTILITY,Leona,8,11,6,1,7,10,0,4,0,3209,1279,0,45,6138,3,0,4,0,1097,52,65,0,0.045370176829393837,10,32,0,0
IM GR00T,False,TOP,Irelia,139,24,70,5,13,128,2,5,1,10270,6529,0,1810,17425,7,3,14,0,1451,81,112,0.07692307692307693,0.12291776534350925,3,0,0,0
eRWallis,False,JUNGLE,Kayn,87,41,23,12,12,34,3,9,3,9371,10801,0,9218,28429,4,3,16,0,1451,112,249,0.15384615384615385,0.20332539516336104,29,25,2,0
oatsandyogurt,False,MIDDLE,Draven,49,37,18,8,12,123,4,11,2,9242,13906,0,925,18324,7,1,17,0,1451,72,333,0.15384615384615385,0.2617678400363773,26,21,1,1
Ricochet Thunder,False,BOTTOM,Xayah,74,15,40,4,11,139,2,8,3,8207,12659,0,801,16277,5,1,9,0,1451,39,198,0.1282051282051282,0.23829784159817738,17,23,0,1
Bowling,False,UTILITY,Morgana,55,53,12,5,11,24,2,6,4,8422,9227,265,1242,12870,14,6,48,0,1451,84,113,0.15384615384615385,0.17369115785857503,23,17,0,1
JeanHuggins,True,TOP,Mordekaiser,103,51,52,6,16,204,9,2,3,15629,20365,0,5127,19183,8,2,20,0,1451,47,33,0.9230769230769231,0.2756928224519316,25,55,7,4
Flagged 2317589,True,JUNGLE,Khazix,154,90,24,18,11,4,5,4,2,7911,10238,0,10340,24773,7,1,14,0,1451,283,134,0.5384615384615384,0.13859845926196163,20,10,2,0
Bucukaqi,True,MIDDLE,Zed,75,65,63,16,15,160,11,2,3,13703,16869,0,1873,13300,3,2,10,0,1451,90,92,1.0769230769230769,0.22837314091380928,19,7,8,4
Śwallow,True,BOTTOM,Vayne,86,0,11,6,14,146,13,2,5,11606,21732,0,4213,18702,7,0,14,0,1451,129,60,1.3846153846153846,0.2941988332276204,65,18,3,0
Ausfreak,True,UTILITY,Nautilus,19,13,11,4,11,31,1,3,9,7561,4663,256,1562,11824,12,3,26,0,1451,192,84,0.7692307692307693,0.06313674414467703,56,23,0,1
SSaiyan3,True,TOP,MonkeyKing,141,58,71,26,17,170,12,5,14,18355,26245,0,9804,32268,13,2,32,0,2018,106,166,0.7428571428571429,0.21043367129794324,38,337,3,0
RelentlessLIVE,True,JUNGLE,Kayn,136,88,67,22,16,40,17,9,3,16382,28240,0,11932,31083,4,4,26,0,2018,250,295,0.5714285714285714,0.2264313844181682,20,147,0,0
Bucukaqi,True,MIDDLE,Kaisa,113,79,172,11,18,199,13,9,13,18873,40582,0,310,23769,10,1,21,0,2018,21,385,0.7428571428571429,0.32538657279819055,32,59,4,3
Ichizou,True,BOTTOM,Jinx,100,38,22,7,17,176,6,8,24,16638,20503,0,3828,19904,6,1,12,0,2018,73,228,0.8571428571428571,0.16439709263777538,39,112,1,4
Ausfreak,True,UTILITY,Blitzcrank,29,45,25,10,15,29,1,4,16,14012,9148,159,3528,17840,22,5,53,0,2018,249,97,0.4857142857142857,0.07335127884792261,44,147,0,4
P00P NUGGET ,False,TOP,Akali,132,32,67,27,16,174,10,7,3,15192,24129,0,2190,36857,12,3,27,0,2018,64,267,0.2653061224489796,0.2483063975490029,22,20,2,4
zDart,False,JUNGLE,MasterYi,79,5,44,13,16,35,12,9,5,15332,25429,0,9095,39821,6,6,22,0,2018,232,348,0.3469387755102041,0.26168130304739606,32,18,3,1
IGOROT HH,False,MIDDLE,Malphite,57,47,59,15,16,128,7,13,10,15699,24126,0,351,30566,12,0,18,0,2018,483,470,0.3469387755102041,0.24827343566991852,29,16,2,0
lil yumyum scwub,False,BOTTOM,Ashe,32,81,15,16,14,164,2,10,9,12144,11854,0,2264,24662,4,1,22,0,2018,592,322,0.22448979591836735,0.1219897337815747,33,22,1,2
Grubenstien,False,UTILITY,Lulu,50,50,37,13,13,28,4,10,9,11398,11636,1292,1074,22198,25,3,56,0,2018,239,283,0.2653061224489796,0.11974912995210779,28,24,0,2
The Law of One,True,TOP,Nocturne,62,21,20,16,13,113,5,5,6,11364,10113,0,2388,14331,11,0,21,0,1451,308,123,0.6875,0.18114756054010456,19,33,1,4
AngryArni,True,JUNGLE,Volibear,72,106,69,4,14,57,11,0,5,11669,14013,0,8573,17277,2,2,11,0,1451,446,0,1,0.2510088792992948,31,45,0,3
ezeraith,True,MIDDLE,Graves,56,16,22,9,14,171,5,4,6,11705,13297,0,81,14298,3,1,5,0,1451,136,149,0.6875,0.23818600014105454,26,30,1,5
Meokai,True,BOTTOM,MissFortune,47,23,19,4,12,156,1,4,6,9364,8066,0,1323,9509,10,3,26,0,1451,120,95,0.4375,0.14447917010673686,21,28,0,2
Fekoo,True,UTILITY,Zilean,111,33,48,4,11,14,2,3,12,8273,10338,0,3764,6382,17,7,47,0,1451,65,71,0.875,0.18517838991280927,17,22,0,2
StefanS33,False,TOP,XinZhao,39,39,0,8,13,141,4,7,2,10971,10934,0,5108,24511,6,1,11,0,1451,197,239,0.25,0.2526684653405567,31,59,4,4
HipsterNami,False,JUNGLE,Viego,140,76,25,12,12,20,9,5,2,9409,13769,0,13003,27120,1,1,10,0,1451,125,164,0.4583333333333333,0.31819984182074534,35,52,1,2
NeonSlug,False,MIDDLE,Ahri,65,56,26,15,12,116,3,6,1,8874,8074,0,1563,12916,6,1,12,0,1451,45,165,0.16666666666666666,0.18658629133737384,29,52,0,0
AlmondEye,False,BOTTOM,Ashe,15,56,7,6,12,148,0,3,6,9356,5501,0,1435,9583,6,0,13,0,1451,553,55,0.25,0.12713031929195884,23,47,0,2
Ausfreak,False,UTILITY,Nami,22,31,53,6,10,10,0,3,10,6980,4994,0,4678,6488,16,5,31,0,1451,169,62,0.4166666666666667,0.11541508220936525,17,35,0,2
8enlahadad,True,TOP,Urgot,24,152,18,4,13,138,3,0,3,11284,6281,0,3137,8779,5,1,10,0,1306,152,0,0.8571428571428571,0.14937450080179404,11,5,1,5
Onelmao,True,JUNGLE,Viego,129,76,52,12,13,20,6,2,6,10375,9388,0,8874,14632,3,1,15,0,1306,165,26,1.7142857142857142,0.22325995717185632,20,12,0,2
Kwixx,True,MIDDLE,Vex,82,19,31,10,12,118,4,1,4,9939,8728,0,1032,6533,8,3,19,0,1306,398,10,1.1428571428571428,0.2075593078527978,18,14,2,2
Sniperdx,True,BOTTOM,Tristana,38,23,25,3,12,95,5,1,5,9063,6812,0,1631,9027,7,0,11,0,1306,8,27,1.4285714285714286,0.16199806306161432,30,20,0,2
Wessie,True,UTILITY,Lux,35,15,91,6,11,31,2,3,6,7668,10841,491,598,5914,11,3,28,0,1306,200,63,1.1428571428571428,0.25780817111193755,18,9,0,0
phgimkfu,False,TOP,Garen,23,4,27,0,10,84,0,2,0,6382,890,0,8,6729,6,0,7,0,1306,36,37,0,0.034740450989540435,9,4,0,0
MAMMY EATER,False,JUNGLE,Hecarim,131,36,34,5,10,44,4,4,1,7124,4622,0,6134,17530,1,2,7,0,1306,177,109,0.25,0.18029829615182535,13,9,1,0
Billy Ray Cyrus,False,MIDDLE,Ahri,58,41,12,13,12,128,0,3,3,9159,6497,0,2737,12679,6,1,15,0,1306,17,71,0.15,0.2534028543878152,22,8,0,0
Zenkai no,False,BOTTOM,Xayah,46,15,25,4,10,111,3,7,1,6675,9842,0,1065,14398,7,1,13,0,1306,11,165,0.2,0.3838750272061295,23,10,0,0
Ausfreak,False,UTILITY,Nami,14,32,38,4,8,6,0,4,4,4791,3786,0,4129,8343,8,5,20,0,1306,118,86,0.2,0.14768337126468953,12,12,0,0
Elegie,True,TOP,Kayle,50,32,63,2,15,150,8,3,0,13667,13714,0,2774,13127,3,0,8,0,1451,226,78,0.5,0.2213741324973148,0,0,4,5
TheHighGround93,True,JUNGLE,Viego,170,90,64,14,14,19,8,4,10,12106,14776,0,13681,26135,5,2,19,0,1451,297,111,1.125,0.23851150961066553,8,8,1,0
drop skin ,True,MIDDLE,Kaisa,85,54,107,5,14,172,6,4,11,12270,17636,0,1240,10935,10,1,21,0,1451,34,113,1.0625,0.2846666290406946,8,7,2,0
xjSS4Ux,True,BOTTOM,Ezreal,176,23,16,4,12,148,4,5,6,8997,11176,0,723,10238,6,1,9,0,1451,34,122,0.625,0.1804015138881569,6,4,0,0
jjONZA,True,UTILITY,Blitzcrank,22,25,21,7,11,35,2,0,7,8208,4649,100,214,5569,21,4,48,0,1451,72,0,0.5625,0.07504621496316813,6,5,1,0
Fepstre,False,TOP,Shen,94,13,21,4,14,161,2,6,3,11632,8049,2218,890,18626,9,0,16,0,1451,1082,197,0.17857142857142858,0.1907317419114324,15,20,1,1
Frommoh,False,JUNGLE,Elise,118,107,57,90,13,19,3,4,5,10156,10584,0,5622,18724,4,4,19,0,1451,131,92,0.2857142857142857,0.2507978815825943,25,14,1,0
CloudAron,False,MIDDLE,Pantheon,69,19,11,3,12,102,6,8,3,9460,12685,0,1435,19568,4,2,10,0,1451,30,232,0.32142857142857145,0.30059115107182555,31,18,3,1
Varza,False,BOTTOM,Draven,50,64,12,7,11,130,3,6,3,7680,7240,0,1891,12680,4,0,6,0,1451,42,120,0.21428571428571427,0.17156087857199992,28,12,0,0
Ausfreak,False,UTILITY,Nami,19,26,54,4,10,7,2,4,4,7201,3642,0,4634,9246,7,2,11,0,1451,94,56,0.21428571428571427,0.08631834686214786,20,23,0,0
sadtrolley,True,TOP,Sion,98,103,69,11,18,228,8,6,9,21121,17384,0,8387,40233,15,1,26,0,2512,1347,214,0.4722222222222222,0.1263330821469468,46,20,3,3
Frommoh,True,JUNGLE,Lillia,195,84,72,12,18,52,10,9,19,18822,43108,0,22548,46350,6,4,30,0,2512,306,311,0.8055555555555556,0.3132611857109707,24,14,0,0
Kazehaya,True,MIDDLE,Yasuo,424,22,196,9,18,240,17,9,13,22674,36922,0,8053,40805,11,2,21,0,2512,177,305,0.8333333333333334,0.2683132450340102,29,27,3,1
n4ko ,True,BOTTOM,Caitlyn,102,37,10,6,18,260,9,5,19,19038,29008,0,3603,20380,13,6,34,0,2512,114,209,0.7777777777777778,0.21079953665056858,12,9,0,1
Ausfreak,True,UTILITY,Nautilus,48,36,41,9,16,35,3,7,30,15341,11186,2341,3236,22416,27,13,73,0,2512,440,233,0.9166666666666666,0.08129295045750366,18,20,0,0
ThuocLao Vietnam,False,TOP,Jayce,178,104,117,170,18,230,11,9,4,20535,42695,0,2144,33889,10,3,24,0,2512,366,342,0.3191489361702128,0.3246823974409149,43,32,5,5
Ping3r,False,JUNGLE,Diana,142,61,80,11,18,95,8,7,9,21997,33495,0,10832,35979,3,9,43,0,2512,246,266,0.3617021276595745,0.25472167148792235,19,24,1,4
Nolsey,False,MIDDLE,Riven,284,63,90,27,18,254,10,6,10,21140,33466,0,4365,29934,15,1,25,0,2512,158,180,0.425531914893617,0.2544986407131287,26,29,5,3
Sheré Khan,False,BOTTOM,Renekton,68,31,99,8,17,217,3,13,9,16810,11212,0,5527,41085,14,2,27,0,2512,32,407,0.2553191489361702,0.08526515831906238,38,50,0,0
Jimmychangas,False,UTILITY,Leona,56,43,33,14,15,39,4,12,13,13627,10629,1109,1751,35202,40,10,85,0,2512,122,377,0.3617021276595745,0.0808321320389716,65,69,0,0
Banksyy,True,TOP,Urgot,36,106,27,14,16,192,12,7,9,15972,25398,0,2596,25275,10,0,18,0,1642,350,191,0.8076923076923077,0.28513164400649604,42,53,3,3
Frommoh,True,JUNGLE,Volibear,36,111,67,6,14,5,11,6,11,12549,15509,0,9828,27515,6,3,22,0,1642,458,116,0.8461538461538461,0.17411848018141218,40,39,2,0
Windows 95,True,MIDDLE,Xerath,105,67,30,35,15,129,9,4,13,14594,27958,0,641,12493,10,3,36,0,1642,292,109,0.8461538461538461,0.31387110113527117,10,17,2,0
GotTits,True,BOTTOM,Lucian,62,36,40,7,14,178,4,5,10,11725,12447,0,1469,13438,7,1,14,0,1642,3,151,0.5384615384615384,0.1397436859804358,19,12,0,3
Ausfreak,True,UTILITY,Blitzcrank,24,36,27,11,13,24,4,4,14,11119,7761,548,1624,15335,13,3,26,0,1642,230,122,0.6923076923076923,0.08713508869638485,35,24,0,3
Bec2002,False,TOP,Irelia,178,23,54,8,14,155,10,10,9,12625,22485,0,6713,32202,7,5,18,0,1642,57,276,0.475,0.30690039866891944,49,32,6,9
OUTLaws,False,JUNGLE,Malphite,55,49,75,6,12,16,5,8,5,8898,9034,0,5601,22116,6,0,11,0,1642,578,214,0.25,0.12331441293882965,9,11,0,0
USLKHDavid17,False,MIDDLE,Yasuo,205,18,147,5,13,140,5,7,6,10886,13204,0,1626,23224,8,3,19,0,1642,88,231,0.275,0.1802341320511721,49,7,1,4
ValhaIIa,False,BOTTOM,Jinx,157,24,10,9,12,164,2,6,5,9908,12132,0,1073,14725,8,2,14,0,1642,43,138,0.175,0.16559194173162198,36,8,0,1
Belphie,False,UTILITY,Karma,88,25,100,43,12,14,4,9,7,8657,16408,3569,3351,20680,20,2,46,0,1642,271,240,0.275,0.22395911460945686,28,10,1,1
haven beer,True,TOP,DrMundo,115,28,63,9,14,175,3,9,6,12531,19496,0,6441,34816,5,1,10,0,1643,176,228,0.36,0.21227571493884395,37,22,1,4
Frommoh,True,JUNGLE,Poppy,127,27,42,7,15,28,10,3,10,14413,18711,0,9416,24323,6,5,30,0,1643,704,83,0.8,0.20372766503409973,28,33,2,0
Ausfreak,True,UTILITY,Nami,28,62,89,10,14,9,4,2,30,12806,10855,0,12521,9587,14,2,41,0,1643,184,56,1.36,0.11819325875258639,11,4,1,4
rawdogfeeder,True,BOTTOM,Lucian,79,36,46,8,15,195,25,7,7,14049,31819,0,1979,22620,8,0,11,0,1643,21,206,1.28,0.3464467588924103,33,38,3,5
SUDS,True,MIDDLE,Neeko,84,84,68,10,13,99,3,4,4,11058,10962,0,2350,15095,10,3,29,0,1643,185,122,0.28,0.11935660238205967,29,20,1,4
Uncle99Cherry,False,TOP,Shen,132,20,36,5,15,156,4,5,10,13513,18629,2479,1881,24502,8,0,11,0,1643,1321,108,0.3111111111111111,0.239233203595199,45,9,1,0
ChaosTactics111,False,JUNGLE,Vi,93,0,83,10,14,47,13,8,4,12671,19719,0,8068,28763,2,2,25,0,1643,250,237,0.37777777777777777,0.2532341971574608,21,8,3,1
AtlasC,False,MIDDLE,Ahri,71,40,30,20,13,114,4,7,5,11195,13400,0,2456,21170,13,1,18,0,1643,53,195,0.2,0.1720824479851169,27,7,0,2
SQ 279,False,BOTTOM,Jinx,90,29,21,6,12,129,3,11,5,9866,10311,0,1900,17517,7,0,9,0,1643,53,209,0.17777777777777778,0.1324174474930762,20,10,1,0
HatesRito,False,UTILITY,Lux,38,19,133,9,12,51,1,14,8,9918,15810,453,451,17103,19,3,38,0,1643,200,242,0.2,0.20303270376914703,19,10,1,0
Heaven Punisher,False,TOP,Yone,231,83,36,10,18,198,15,7,0,19223,38714,0,2743,34350,7,0,12,0,1854,209,247,0.2830188679245283,0.4006632169998393,44,21,10,0
Vickers,False,JUNGLE,Khazix,113,68,28,13,13,70,2,17,3,10017,11143,0,5052,30006,8,0,14,0,1854,152,491,0.09433962264150944,0.11532592345648054,32,18,1,4
MonkeyDGarp63,False,MIDDLE,Malzahar,45,57,87,9,16,202,6,7,8,16231,20464,0,953,19175,10,1,17,0,1854,475,211,0.2641509433962264,0.21178515538549397,34,18,2,5
Ausfreak,False,BOTTOM,Caitlyn,34,32,18,5,13,116,2,9,5,10419,9779,0,2934,18057,7,2,13,0,1854,49,242,0.1320754716981132,0.10120915540716245,33,35,0,5
Frommoh,False,UTILITY,Velkoz,106,66,33,6,13,21,5,13,5,11375,16524,0,0,19502,21,6,52,0,1854,159,385,0.18867924528301888,0.1710165487510237,38,29,1,2
SahannyBill,True,TOP,Fiora,136,14,34,8,17,212,4,5,1,17292,11605,0,3585,20293,3,0,11,0,1854,61,201,0.16666666666666666,0.12045770583420044,21,6,1,1
Noamit,True,JUNGLE,LeeSin,176,146,117,9,15,26,13,8,9,14111,18778,150,8104,33466,8,2,25,0,1854,270,254,0.7333333333333333,0.19491718581568496,21,16,2,2
I Am Mufasa,True,MIDDLE,Kaisa,109,70,58,14,17,161,21,7,10,17428,33895,0,526,26471,3,0,4,0,1854,79,277,1.0333333333333334,0.35182293055665115,40,19,7,0
weed form,True,BOTTOM,Senna,79,51,25,8,15,30,10,6,15,14577,16948,1417,15614,21323,11,0,21,0,1854,216,222,0.8333333333333334,0.17592099345922818,34,36,3,3
Retroca,True,UTILITY,TahmKench,113,28,23,12,16,128,5,4,20,15456,15114,1179,6821,29071,19,2,34,0,1854,728,141,0.8333333333333334,0.15688118433423529,68,55,1,3
very bad dragon,True,TOP,Nasus,301,28,42,15,18,243,7,7,6,19253,27774,0,5850,40133,8,1,15,0,2044,89,214,0.3611111111111111,0.22622796825804586,51,52,4,3
Frommoh,True,JUNGLE,Lillia,194,85,66,12,18,79,11,5,11,18381,29458,0,21866,41392,4,5,24,0,2044,324,169,0.6111111111111112,0.23994198121955698,49,78,4,1
Ausfreak,True,MIDDLE,Ahri,90,142,47,49,17,202,6,6,10,17345,20238,0,5225,20697,13,4,34,0,2044,82,238,0.4444444444444444,0.16484738078225894,35,51,0,0
DiorDiaperDelux,True,BOTTOM,Caitlyn,53,24,19,6,16,206,9,8,7,15184,33573,0,4172,24458,9,2,15,0,2044,102,203,0.4444444444444444,0.27346294632330576,46,100,1,3
Adonexxus ,True,UTILITY,Pyke,47,26,30,8,13,46,4,11,12,10830,11727,0,1927,19961,23,7,47,0,2044,84,339,0.4444444444444444,0.09551972341683247,37,88,3,0
lightningchocobo,False,TOP,Jax,41,133,46,13,17,209,2,9,8,16709,24476,0,7255,38415,11,1,18,0,2044,72,337,0.2631578947368421,0.22036507736310126,19,12,1,3
B G,False,JUNGLE,Warwick,98,14,68,14,16,23,8,7,6,15120,15256,0,21426,47516,12,4,31,0,2044,460,249,0.3684210526315789,0.13735881153240623,22,20,1,2
HASAGI456,False,MIDDLE,Veigar,224,115,34,16,18,311,12,5,2,23700,30701,0,1051,16761,13,4,24,0,2044,94,118,0.3684210526315789,0.27641081422124775,49,27,4,0
OnTheRhodeAgain,False,BOTTOM,Ashe,10,87,13,14,15,145,10,9,12,13822,26734,0,4665,32265,11,2,33,0,2044,626,321,0.5789473684210527,0.24069578587705825,35,33,1,1
Banzhee,False,UTILITY,Renata,58,13,70,9,15,33,5,7,17,13286,13902,3442,3053,22049,35,7,71,0,2044,308,217,0.5789473684210527,0.12516951100618653,34,25,1,1
Penners,True,TOP,Warwick,73,3,28,9,17,167,7,4,7,16652,18238,0,16661,33067,11,4,23,0,2053,88,124,0.6666666666666666,0.19202914167630855,21,20,5,5
Frommoh,True,JUNGLE,Elise,157,149,72,113,16,26,6,6,13,15364,20166,0,12837,33109,7,5,38,0,2053,115,177,0.9047619047619048,0.2123273898821603,14,25,2,5
Ausfreak,True,MIDDLE,Ahri,93,119,38,36,17,188,8,5,10,16803,19772,0,6050,22717,11,6,30,0,2053,40,188,0.8571428571428571,0.20818570946075446,16,19,3,0
Q i,True,BOTTOM,Samira,137,18,36,5,17,210,13,3,5,16489,28104,0,3046,24306,11,1,19,0,2053,58,97,0.8571428571428571,0.29591208685811377,13,13,1,2
sofxv,True,UTILITY,Soraka,85,28,26,8,14,17,5,3,11,12471,8694,1423,23572,12280,19,4,44,0,2053,203,81,0.7619047619047619,0.09154567212266293,7,10,0,2
zhouerke,False,TOP,Aatrox,223,45,84,9,16,192,4,8,4,15842,17411,0,8969,33559,13,2,24,0,2053,236,216,0.20512820512820512,0.1811294021811051,38,33,1,0
Hammer down,False,JUNGLE,Hecarim,222,52,53,11,15,36,9,8,5,13112,16245,0,11894,34306,6,3,29,0,2053,196,277,0.358974358974359,0.16899942777235738,33,21,1,0
RaIph Wiggum,False,MIDDLE,Malzahar,126,87,105,11,17,221,4,9,10,16642,29113,0,969,20962,8,2,15,0,2053,837,286,0.358974358974359,0.30287285990915186,56,35,1,1
YangMingbaba66de,False,BOTTOM,Jinx,110,16,15,7,15,186,3,7,6,13612,12091,0,1020,15853,7,0,9,0,2053,24,176,0.23076923076923078,0.12579139481214272,26,24,0,0
rnqCindel,False,UTILITY,Brand,65,90,67,15,13,32,1,7,9,11302,21263,0,941,16014,30,8,70,0,2053,34,183,0.2564102564102564,0.22120691532524292,26,21,0,1
NS Slatt,True,UTILITY,Renekton,71,45,59,9,17,52,2,6,17,18298,16505,0,7002,30035,7,0,12,0,1534,31,199,0.6129032258064516,0.1269276714541261,0,1,0,1
Kittykatveon,True,BOTTOM,Renekton,60,42,45,10,17,71,9,7,11,17919,23482,0,5731,27540,7,1,12,0,1534,55,224,0.6451612903225806,0.1805826007712811,2,1,1,2
Patosh,True,TOP,Renekton,66,48,60,10,18,95,20,3,11,19858,43033,0,15563,38290,6,0,11,0,1534,422,124,1,0.33093716289232233,1,0,4,5
RebeccayDwBt,True,MIDDLE,Renekton,59,49,88,8,18,88,3,6,13,18664,18845,0,12234,38530,9,0,14,0,1534,17,205,0.5161290322580645,0.14492805082687654,1,0,0,3
phantom1906,True,TOP,Renekton,66,50,99,10,18,49,7,9,17,19392,28168,0,7578,36560,9,0,16,0,1534,110,339,0.7741935483870968,0.21662451405539393,0,2,0,2
Jane Yue,False,UTILITY,Shen,39,22,32,6,17,85,3,5,12,17325,19751,2292,5693,23309,3,0,5,0,1534,133,167,0.36585365853658536,0.1406892132503779,18,9,0,0
Vickers,False,JUNGLE,Shen,81,36,50,6,17,54,13,10,15,17480,39304,2407,2650,32024,6,0,13,0,1534,1131,290,0.6829268292682927,0.27996090448344274,19,11,0,2
Frommoh,False,MIDDLE,Shen,74,17,28,5,17,113,5,10,13,17523,25588,1231,804,28570,6,0,10,0,1534,716,347,0.43902439024390244,0.18226782793882584,0,4,0,2
Ausfreak,False,TOP,Shen,85,28,42,3,17,44,6,9,17,16687,31423,1582,3616,29236,5,0,10,0,1534,976,275,0.5609756097560976,0.22382946998112768,17,19,1,0
MoMotaros,False,BOTTOM,Shen,46,21,41,5,17,90,4,7,16,17490,24323,1776,5177,33888,6,0,11,0,1534,1115,240,0.4878048780487805,0.17325258434622584,26,19,0,0
Vaciwaeko,True,TOP,Fiora,97,17,32,4,13,136,8,1,0,10647,15116,0,3437,12375,4,2,14,0,1186,145,41,0.7272727272727273,0.29201228821853126,1,7,6,0
Tronkekor,True,JUNGLE,Rammus,66,48,17,4,10,7,2,3,4,6518,6020,0,4201,13110,7,1,15,0,1186,370,61,0.5454545454545454,0.11630350402718119,2,11,0,0
CommanderGian,True,MIDDLE,Ahri,47,21,20,17,12,94,6,4,3,9707,9440,0,1742,9823,7,2,25,0,1186,29,103,0.8181818181818182,0.1823657514464606,8,17,3,3
SniperXT,True,BOTTOM,Kaisa,52,28,8,5,11,107,11,2,3,8150,9361,0,637,10008,4,2,9,0,1186,14,33,1.2727272727272727,0.18083651520211663,6,20,0,4
9962wolf,True,UTILITY,Morgana,37,49,15,4,11,34,3,1,14,7756,11828,223,2578,6927,13,2,29,0,1186,68,27,1.5454545454545454,0.22848194110571027,3,18,0,3
Ausfreak,False,TOP,Nasus,86,16,16,4,11,114,1,5,0,8140,4904,0,244,15093,4,1,6,0,1186,101,132,0.034482758620689655,0.14264368721297824,9,4,0,0
Frommoh,False,JUNGLE,Elise,96,85,41,62,10,11,5,4,3,6461,9197,0,4658,13691,3,0,18,0,1186,108,65,0.27586206896551724,0.26748552464419406,9,16,0,2
Kazutõra,False,MIDDLE,Pantheon,52,20,22,2,11,91,2,6,5,7384,7824,0,1134,13037,5,0,7,0,1186,16,144,0.2413793103448276,0.22754963400060496,45,37,0,1
Vickers,False,BOTTOM,Tristana,18,17,18,3,9,104,1,8,3,5728,5197,0,1018,11761,3,0,5,0,1186,26,134,0.13793103448275862,0.15115480933630665,22,16,0,2
JaxLaegeu,False,UTILITY,Senna,35,26,12,5,10,14,2,7,3,6187,7261,109,3831,11029,17,4,33,0,1186,133,101,0.1724137931034483,0.21116634480591612,28,34,1,2
SailorMoonLuxX,False,BOTTOM,Nocturne,161,62,17,27,18,146,10,8,3,29048,26226,0,7301,45665,8,0,14,0,2304,656,421,0.23636363636363636,0.21870299490459158,212,424,3,5
Vickers,False,TOP,Nocturne,117,36,44,36,18,105,10,12,18,31337,39483,0,11782,57162,6,0,10,0,2304,866,597,0.509090909090909,0.3292586265815977,351,489,5,4
Ausfreak,False,TOP,Nocturne,121,29,31,28,18,133,20,15,7,31512,40920,0,6703,59373,4,0,8,0,2304,715,709,0.4909090909090909,0.3412389074371451,415,561,10,5
Jefemarra,False,JUNGLE,Nocturne,21,21,9,0,14,8,0,10,3,12823,1107,0,788,11938,0,0,0,0,2304,61,245,0.05454545454545454,0.009234449308138062,59,117,0,1
MoistSock69,False,BOTTOM,Nocturne,92,37,28,20,18,190,6,10,1,27845,12179,0,9886,60721,4,0,7,0,2304,588,469,0.12727272727272726,0.10156502176852758,353,462,3,5
SSYMFGZT,True,TOP,Heimerdinger,139,152,117,17,18,315,8,7,10,37487,34633,0,2721,26888,9,0,12,0,2304,695,249,0.391304347826087,0.19354729067681653,31,19,5,3
Ickno,True,MIDDLE,Heimerdinger,152,103,85,21,18,176,15,10,18,33344,48585,0,3894,31828,2,0,5,0,2304,297,407,0.717391304347826,0.2715142793281299,26,37,2,5
XglossyMaxX,True,MIDDLE,Heimerdinger,86,115,78,15,18,134,5,10,20,28051,20442,0,4329,27911,8,0,12,0,2304,264,350,0.5434782608695652,0.1142439463691269,26,44,1,5
Acustic Mulsim,True,JUNGLE,Heimerdinger,123,58,63,12,18,81,8,9,25,29813,25800,0,5941,29444,4,0,4,0,2304,299,328,0.717391304347826,0.14418244327255703,44,40,0,5
xXBigMeatXx,True,MIDDLE,Heimerdinger,97,120,86,14,18,148,17,10,16,33771,49479,0,6630,28910,2,0,7,0,2304,244,442,0.717391304347826,0.2765120403533697,40,52,4,5
Hittus,True,UTILITY,Yasuo,100,7,40,0,13,80,1,6,1,10498,3363,0,1097,10980,6,0,18,0,1028,44,143,0.06896551724137931,0.06032167828689298,8,13,0,0
Fwoeni,True,UTILITY,Yasuo,72,10,21,1,12,22,1,4,1,9220,2530,0,325,6322,6,0,9,0,1028,23,98,0.06896551724137931,0.045379734638021,8,9,0,0
NikoKun,True,JUNGLE,Yasuo,112,8,34,2,15,52,7,8,11,13268,12851,0,1262,15712,4,0,6,0,1028,57,230,0.6206896551724138,0.23050047685889627,19,25,0,2
C R Animations,True,TOP,Yasuo,151,10,67,8,16,56,19,3,5,15270,26225,0,6435,20584,4,0,5,0,1028,61,103,0.8275862068965517,0.47036350553178563,17,26,10,3
Yasvo,True,MIDDLE,Yasuo,132,8,79,4,14,73,5,8,3,12347,10785,0,257,13648,2,0,3,0,1028,80,278,0.27586206896551724,0.19343460468440413,9,21,4,3
TrueSimba,False,JUNGLE,Pyke,20,21,15,1,11,9,3,11,7,8484,3675,0,1190,14862,2,0,3,0,1028,45,295,0.29411764705882354,0.07739624665695297,10,10,0,0
NotALeeMain,False,JUNGLE,Pyke,43,24,29,8,12,25,10,9,4,9843,12729,0,3281,15116,3,0,3,0,1028,124,216,0.4117647058823529,0.26805496277266316,14,10,0,0
czasaber,False,MIDDLE,Pyke,39,17,21,8,15,76,7,2,3,14341,6329,0,2352,12292,3,0,6,0,1028,188,71,0.29411764705882354,0.13328371607715286,11,6,3,1
Vickers,False,UTILITY,Pyke,45,27,21,7,13,33,6,9,9,10270,11316,0,1305,16540,2,0,3,0,1028,147,266,0.4411764705882353,0.23830036100949403,3,8,1,2
Ausfreak,False,UTILITY,Pyke,36,32,26,12,14,47,3,3,15,11640,13437,0,4101,13093,2,1,5,0,1028,120,119,0.5294117647058824,0.282964713483737,10,5,0,2
aydenn,True,TOP,Lux,32,19,86,9,13,62,12,0,4,11207,16881,528,682,3902,3,0,5,0,875,225,0,5.333333333333333,0.4167149605382017,54,72,4,3
22Daniel22,True,TOP,Lux,35,9,80,9,13,39,3,1,9,10859,4989,547,1322,5819,1,0,2,0,875,277,30,4,0.12317662510404477,74,140,0,3
Num1Teemo,True,BOTTOM,Lux,28,15,71,7,13,72,2,1,2,10133,5260,145,1803,4888,6,2,17,0,875,261,38,1.3333333333333333,0.1298533773953439,66,84,1,4
hulala6,True,UTILITY,Lux,41,22,107,4,13,53,4,0,4,10577,7284,926,1563,5171,4,1,6,0,875,225,0,2.6666666666666665,0.17981171609644864,58,77,1,4
366259,True,MIDDLE,Lux,29,12,71,4,13,54,2,1,0,10716,6094,0,2574,7664,3,0,4,0,875,213,30,0.6666666666666666,0.15044332086596102,82,134,1,0
Bánh Mì PaTê,False,UTILITY,Heimerdinger,42,11,7,3,11,28,0,4,1,7904,2201,0,170,5993,5,0,6,0,875,53,80,0.043478260869565216,0.09225593541683012,13,51,0,0
BehatluuU,False,MIDDLE,Heimerdinger,37,36,21,4,13,96,1,3,0,10748,8896,0,831,9366,4,0,6,0,875,77,79,0.043478260869565216,0.37287728042722124,19,45,1,2
BuckyAuS MinhBéo,False,BOTTOM,Heimerdinger,46,26,12,4,11,45,1,3,0,7910,4041,0,1828,10056,4,0,4,0,875,68,68,0.043478260869565216,0.16937413648590646,13,52,0,0
Vickers,False,TOP,Heimerdinger,47,20,16,4,10,32,1,6,0,7084,5000,0,626,9197,1,0,1,0,875,97,170,0.043478260869565216,0.20956312658682258,12,68,1,1
Ausfreak,False,TOP,Heimerdinger,24,21,24,3,10,35,0,7,0,7296,3720,0,1869,11276,1,0,1,0,875,86,174,0,0.15592952108321959,19,64,0,1
Hontono,False,TOP,Jayce,141,69,120,129,16,186,2,12,7,16130,22283,0,1968,31026,10,0,16,0,2149,135,377,0.2647058823529412,0.22392972404620798,48,34,1,0
Vickers,False,JUNGLE,Volibear,81,130,77,7,17,66,6,4,13,16926,21100,0,13819,35403,5,5,23,0,2149,444,91,0.5588235294117647,0.21204385950630739,60,34,0,0
Ausfreak,False,MIDDLE,Ahri,87,129,42,40,16,156,7,7,8,16027,21942,0,3965,21795,13,4,28,0,2149,57,207,0.4411764705882353,0.22050297010693506,44,29,1,0
Venoxin,False,BOTTOM,Jinx,200,54,12,9,17,267,10,4,6,17527,31081,0,1785,18917,7,1,11,0,2149,96,69,0.47058823529411764,0.31234978939712793,39,33,0,1
Vøid,False,UTILITY,Lulu,39,101,75,5,15,11,1,7,16,13892,3102,7424,968,14690,21,9,61,0,2149,159,161,0.5,0.03117365694342165,24,27,0,1
Team2Heavy,True,TOP,DrMundo,206,64,97,16,18,205,10,10,4,20448,32352,0,15774,62940,12,0,16,0,2149,335,395,0.5384615384615384,0.313923770241709,143,87,8,4
S33NYB01,True,JUNGLE,Khazix,249,94,52,21,18,38,13,3,3,18617,16974,0,13978,28008,12,2,28,0,2149,218,113,0.6153846153846154,0.1647132994323537,31,24,2,0
SasoriNoAkasuna,True,MIDDLE,Vex,87,39,61,19,17,190,3,5,10,17535,19978,0,3060,19271,4,10,24,0,2149,661,171,0.5,0.1938548731190268,47,34,1,1
Chief Keef,True,BOTTOM,Kaisa,78,67,99,3,17,266,5,3,8,17227,19479,0,4125,13812,11,2,23,0,2149,0,84,0.5,0.18901652644567038,28,29,1,0
AnarchNoise,True,UTILITY,Zyra,42,58,49,6,15,46,3,5,12,13333,14272,0,1758,13495,20,6,43,0,2149,258,174,0.5769230769230769,0.13849153076124016,18,29,0,0
Im Tobli ,True,TOP,Akshan,118,4,105,5,16,169,16,11,3,15395,27623,0,2018,23747,11,1,15,0,1928,43,292,0.59375,0.28383386867175675,58,33,5,0
Ordnaela,True,JUNGLE,Sejuani,27,102,72,7,15,40,3,8,7,14128,10799,0,7949,36557,10,4,26,0,1928,343,146,0.3125,0.1109700841174229,49,42,1,0
Logix1,True,MIDDLE,Ekko,91,27,39,5,17,212,12,6,10,17231,23095,0,4551,25498,7,4,24,0,1928,283,143,0.6875,0.23731096217304828,68,45,3,3
ILA,True,BOTTOM,Zeri,555,42,33,12,15,172,6,5,17,13952,21878,0,2214,30329,10,3,16,0,1928,142,108,0.71875,0.22480637547884846,61,68,0,0
Death Angle,True,UTILITY,Yuumi,82,194,76,10,15,7,5,2,24,13713,13924,3021,22559,5569,26,2,53,0,1928,70,34,0.90625,0.14307870955892357,11,130,0,0
CocoShareTea,False,TOP,Teemo,57,54,0,57,16,165,10,7,4,14861,28124,0,652,18981,6,1,28,0,1928,579,221,0.3333333333333333,0.3015292216732215,81,111,5,3
Vickers,False,JUNGLE,Volibear,78,135,72,8,15,55,10,8,8,13740,19693,0,8270,37343,5,2,19,0,1928,447,271,0.42857142857142855,0.2111396316631353,324,258,1,5
Ausfreak,False,MIDDLE,Ahri,87,106,42,34,14,151,3,6,8,12469,18591,0,1617,14294,10,3,26,0,1928,69,206,0.2619047619047619,0.19932577105804858,80,95,0,3
Maakodile,False,BOTTOM,Kalista,96,12,70,7,14,142,8,12,10,11823,19641,0,3346,27841,11,0,24,0,1928,199,364,0.42857142857142855,0.2105779862262749,217,298,1,3
HipsterSwagxx,False,UTILITY,Lulu,85,42,65,8,13,39,1,9,12,10081,7221,4078,1361,18851,22,12,77,0,1928,270,309,0.30952380952380953,0.07742738937931976,125,269,0,3
eomxh,False,TOP,Darius,48,58,10,6,13,136,5,8,3,10771,9814,0,1982,19302,5,2,10,0,1449,146,194,0.21052631578947367,0.19579815952644938,31,25,4,0
Frommoh,False,JUNGLE,Rammus,50,54,29,5,11,9,4,8,6,7427,9629,0,4469,20505,5,1,20,0,1449,381,192,0.2631578947368421,0.19210866373604563,47,39,0,0
Ausfreak,False,BOTTOM,Ezreal,117,26,21,7,11,115,2,8,4,7923,12333,0,1491,13631,4,1,8,0,1449,0,160,0.15789473684210525,0.24605379513970396,27,73,0,0
Shinobi Satoru,False,MIDDLE,Lux,41,14,101,15,11,109,5,7,4,8471,13261,728,379,12866,6,1,10,0,1449,265,170,0.23684210526315788,0.264560713587216,35,38,0,1
i miss dad,False,UTILITY,Zac,16,18,24,3,11,39,1,7,6,7399,5086,0,5612,20017,13,2,34,0,1449,179,138,0.18421052631578946,0.10147866801058503,26,107,0,0
Legham,True,TOP,Rengar,145,54,64,7,14,157,7,3,7,12311,11987,0,1678,13020,4,4,18,0,1449,84,114,0.8235294117647058,0.16424198092788347,14,32,2,2
Razushi,True,JUNGLE,Kayn,105,57,33,6,12,3,1,6,9,9330,8017,0,8695,20824,4,0,15,0,1449,256,151,0.5882352941176471,0.10984587636906246,15,31,0,0
The Frenchman,True,MIDDLE,Ahri,75,74,40,31,14,99,17,0,5,11964,23064,0,3376,7787,7,0,11,0,1449,73,0,1.2941176470588236,0.31601341738988165,27,24,3,0
KyleLmao,True,BOTTOM,Aphelios,64,120,0,7,13,189,10,3,8,11063,20975,0,2751,11913,8,3,17,0,1449,76,108,1.0588235294117647,0.28739124010771566,27,49,2,4
DuckDuckGamer,True,UTILITY,Thresh,42,22,22,4,12,28,3,5,21,9219,8941,1635,753,14365,10,0,25,0,1449,84,139,1.411764705882353,0.12250748520545675,44,68,1,4
Quahri,True,TOP,Ornn,104,82,38,17,18,183,10,5,19,18984,25608,0,7924,25601,8,0,14,0,2003,1224,81,0.8055555555555556,0.19296055858265565,41,148,3,0
Dmf4701,True,JUNGLE,JarvanIV,133,92,94,15,17,15,12,7,29,17834,28241,0,12101,32108,9,3,21,0,2003,704,210,1.1388888888888888,0.21280006420016653,37,99,0,0
Logix1,True,MIDDLE,Zed,109,87,108,25,17,208,21,5,13,18006,42254,0,5722,21352,4,5,24,0,2003,146,201,0.9444444444444444,0.31838440804827617,26,84,5,1
Hyusss,True,BOTTOM,Veigar,133,64,36,9,15,160,10,7,13,14603,24005,0,4187,18110,16,2,23,0,2003,98,195,0.6388888888888888,0.18087878893326229,25,38,1,0
wemowarrior,True,UTILITY,Nautilus,42,55,39,10,14,40,1,12,29,12562,12604,916,1145,24485,28,14,78,0,2003,310,319,0.8333333333333334,0.09497618023563936,51,115,0,0
mjrr,False,TOP,Irelia,205,31,70,9,15,200,7,11,7,13484,23699,0,3359,33851,11,0,18,0,2003,71,342,0.2641509433962264,0.23450565565855216,40,34,4,0
Frommoh,False,JUNGLE,Nocturne,98,22,31,26,14,36,9,11,8,12761,19560,0,9718,39135,11,2,36,0,2003,507,353,0.32075471698113206,0.19354715520616886,44,29,2,3
Ausfreak,False,MIDDLE,Cassiopeia,142,21,259,9,14,122,5,14,8,11722,18410,0,3578,36075,7,0,9,0,2003,338,449,0.24528301886792453,0.1821702545776155,36,43,2,0
dmmf0400,False,BOTTOM,Kaisa,92,17,133,9,15,190,13,6,12,13686,27807,0,867,27752,7,10,37,0,2003,48,201,0.4716981132075472,0.27515675327135153,39,35,0,3
mercuriies,False,UTILITY,Soraka,132,72,47,9,13,14,2,12,24,10328,11583,1674,26062,25437,27,4,55,0,2003,243,341,0.49056603773584906,0.11462018128631198,36,46,0,5
Vickers,False,TOP,Shen,62,13,17,3,12,101,3,8,4,9436,6329,763,353,18517,3,0,4,0,1483,141,226,0.22580645161290322,0.12013425960382682,11,25,1,0
big 14,False,JUNGLE,Diana,71,51,33,4,12,62,2,4,4,8668,5218,0,364,16667,4,2,14,0,1483,140,101,0.1935483870967742,0.09904906984785068,2,14,0,0
Ausfreak,False,MIDDLE,Ahri,62,85,21,24,13,122,3,8,4,10633,14139,0,1348,13920,5,1,10,0,1483,35,248,0.22580645161290322,0.26837039153920056,7,16,1,0
wrld on drugz,False,UTILITY,Nautilus,37,30,39,10,12,37,7,6,7,8864,12415,0,63,18695,13,6,38,0,1483,298,150,0.45161290322580644,0.235646804849537,29,68,2,0
outgida,False,BOTTOM,Draven,49,78,16,8,13,148,4,5,8,10160,14584,0,1183,17008,5,1,8,0,1483,53,133,0.3870967741935484,0.2767994741595849,18,46,0,2
xBucks,True,TOP,Urgot,45,82,21,9,15,166,10,3,4,14092,18513,0,3995,20556,6,0,10,0,1483,487,90,0.7,0.27847114047258276,26,20,4,3
Jrod29506,True,JUNGLE,Volibear,66,149,81,7,14,22,7,3,7,11580,14313,0,12556,29307,3,2,20,0,1483,460,109,0.7,0.21529467655837975,38,14,2,0
r e f o r m ę d,True,MIDDLE,Katarina,61,42,0,8,14,159,10,6,6,12546,18097,0,1813,19504,6,0,12,0,1483,15,231,0.8,0.2722133227540532,44,41,3,0
M II N O ,True,BOTTOM,Caitlyn,30,17,12,2,12,117,2,4,7,9162,10282,0,2120,10038,10,0,14,0,1483,36,67,0.45,0.15465805952449116,13,9,0,2
xTye,True,UTILITY,Janna,106,47,31,4,13,19,2,4,15,10193,5276,2543,5423,11131,18,6,46,0,1483,350,75,0.85,0.0793628006904931,13,12,0,1
7 Seas,False,TOP,Sett,44,21,27,8,11,124,2,10,1,8053,11871,0,1555,24867,10,2,20,0,1317,118,245,0.07692307692307693,0.273188403834844,21,13,2,4
Dkar2,False,JUNGLE,Rengar,126,65,66,5,12,24,5,6,0,8737,5933,0,8370,24530,5,1,17,0,1317,182,102,0.1282051282051282,0.1365301557883886,22,25,0,0
CaptainRiceBall,False,MIDDLE,Vex,59,11,43,12,13,119,3,4,3,10256,9042,0,1047,10852,4,0,12,0,1317,429,145,0.15384615384615385,0.20807403031379693,39,28,2,0
SteezeyMcFleezey,False,BOTTOM,Ezreal,133,33,35,7,11,93,3,10,6,7332,9627,0,2787,16106,4,3,18,0,1317,0,171,0.23076923076923078,0.22153625696871043,33,21,0,1
Zakaroo,False,UTILITY,Xerath,42,27,13,4,11,36,4,10,6,7379,6982,0,0,12945,8,3,14,0,1317,116,210,0.2564102564102564,0.16067115309426008,26,41,0,1
Vickers,True,TOP,Volibear,40,57,36,5,13,121,8,2,6,11026,13699,0,2505,14158,6,2,13,0,1317,213,27,0.8235294117647058,0.20069182817135026,14,9,1,4
Amazing fat kid,True,JUNGLE,Khazix,137,66,31,12,14,36,9,1,5,11565,17552,0,8040,17261,2,1,12,0,1317,164,27,0.8235294117647058,0.25713780592977753,10,11,1,1
Ausfreak,True,MIDDLE,Ahri,50,71,22,23,12,123,3,5,5,9741,10381,0,1009,10228,6,1,12,0,1317,31,177,0.47058823529411764,0.15207923838530205,24,22,1,0
M II N O ,True,BOTTOM,Vayne,47,0,7,4,12,122,12,8,6,9864,15833,0,2638,15089,11,0,13,0,1317,8,130,1.0588235294117647,0.2319471553352496,41,25,2,3
ainos,True,UTILITY,Leona,62,31,23,9,12,46,6,1,16,9953,10795,0,1211,10582,11,5,25,0,1317,366,32,1.2941176470588236,0.15814397217832055,34,44,0,3
TastyJason,False,TOP,Aatrox,223,23,34,8,15,146,4,11,2,14543,11442,0,7863,35925,4,1,9,0,1982,162,368,0.10909090909090909,0.10813283332031905,42,21,0,1
PandaCommander,False,JUNGLE,Olaf,194,51,97,14,16,51,18,10,7,15989,36194,0,14075,45476,10,1,23,0,1982,581,385,0.45454545454545453,0.3420552160649474,41,27,7,2
Padoru kun,False,MIDDLE,Yasuo,264,15,106,7,17,198,8,14,9,16533,23972,0,1168,28940,13,4,31,0,1982,157,527,0.3090909090909091,0.22654918637907492,22,21,4,3
hot dragon milf,False,BOTTOM,Vayne,106,0,15,5,16,179,4,9,4,15211,13092,0,1364,20838,11,1,19,0,1982,72,249,0.14545454545454545,0.12372977040821247,9,15,2,0
anjiye,False,UTILITY,Ahri,45,85,37,34,15,54,6,11,7,13432,21113,0,3459,18989,36,8,60,0,1982,68,293,0.23636363636363636,0.1995329938274462,16,28,4,2
IG KcNco,True,TOP,Nocturne,133,42,44,23,18,189,18,4,7,20563,34816,0,12395,36163,9,2,27,0,1982,733,141,0.625,0.27835218319724236,61,32,6,4
Ausfreak,True,JUNGLE,MasterYi,77,3,52,11,18,65,15,8,16,19785,32125,0,7734,32930,7,2,18,0,1982,142,300,0.775,0.25683535023421067,31,19,4,0
Vickers,True,MIDDLE,Annie,129,86,82,37,17,120,6,11,19,16763,30132,764,2421,22669,10,2,18,0,1982,203,322,0.625,0.24089989914038223,40,34,1,0
Flos hibisci,True,BOTTOM,Kalista,64,3,69,4,17,156,11,5,11,16958,19272,0,3865,21338,10,4,22,0,1982,55,190,0.55,0.1540771507370347,37,31,1,0
Frommoh,True,UTILITY,Pyke,51,44,32,10,14,39,4,12,13,12066,8735,0,2507,24065,40,12,101,0,1982,97,396,0.425,0.06983541669112997,54,35,1,0
sup dotey,True,TOP,Graves,108,28,47,15,18,291,9,7,12,23071,47359,0,5336,42923,13,1,25,0,2379,285,374,0.5384615384615384,0.32917323621188643,18,60,3,4
Vickers,True,JUNGLE,RekSai,222,158,103,13,17,37,6,10,6,17440,14791,0,17735,42579,14,5,42,0,2379,403,334,0.3076923076923077,0.10280637016309863,24,159,3,0
Frommoh,True,MIDDLE,Akali,164,35,61,27,18,154,13,10,6,19522,31689,0,2136,35630,7,4,24,0,2379,43,404,0.48717948717948717,0.22026065834959477,21,127,5,0
Ausfreak,True,BOTTOM,Caitlyn,50,57,15,10,17,208,5,6,10,17410,24582,0,4441,21143,11,4,28,0,2379,91,182,0.38461538461538464,0.17086544340782703,26,150,0,3
ads nanny,True,UTILITY,Lux,68,44,178,17,17,59,6,6,13,17244,25450,3494,1145,16228,29,4,71,0,2379,311,190,0.48717948717948717,0.17689429186759315,31,117,1,2
Cat Diddler,False,TOP,Warwick,87,4,39,10,18,202,9,8,7,19757,29563,0,19805,54787,7,2,15,0,2379,173,325,0.41025641025641024,0.23754759652800414,84,385,1,1
nTyler,False,JUNGLE,Shaco,46,70,96,76,16,32,3,7,5,15994,7432,0,10814,33590,3,4,23,0,2379,943,238,0.20512820512820512,0.05971845967241964,27,128,0,0
Rabbity,False,MIDDLE,AurelionSol,82,117,14,14,18,200,5,10,11,18993,18123,0,6177,36807,8,0,26,0,2379,353,344,0.41025641025641024,0.14562461907456814,54,514,1,0
Hyperkalemia,False,BOTTOM,Varus,107,9,57,17,17,206,10,7,11,17403,32582,0,2450,22299,10,3,16,0,2379,305,310,0.5384615384615384,0.2618031907573183,32,138,1,0
Antronach,False,UTILITY,Senna,80,67,21,13,17,44,12,7,17,17080,36752,1504,15975,30025,33,4,80,0,2379,248,257,0.7435897435897436,0.2953061339676898,50,185,1,1
Frommoh,True,TOP,Chogath,79,78,82,19,18,182,12,8,14,20125,41287,0,14123,68561,13,1,20,0,2203,2018,330,0.5652173913043478,0.2657973887209582,76,28,4,5
Ausfreak,True,JUNGLE,Hecarim,218,48,62,13,18,53,16,8,18,18791,26880,0,16741,44424,10,5,25,0,2203,282,300,0.7391304347826086,0.17305055546129441,31,39,2,4
Melon dog yyds,True,MIDDLE,Lissandra,105,57,79,13,16,139,2,13,22,16306,23002,0,4192,37531,5,6,28,0,2203,388,463,0.5217391304347826,0.14808374824788081,28,43,0,3
Vickers,True,BOTTOM,Jinx,102,66,15,10,18,200,14,9,13,18669,38906,0,3580,27591,11,1,34,0,2203,112,348,0.5869565217391305,0.25047286691347914,25,40,0,6
Feuhorbe,True,UTILITY,Shaco,40,87,60,268,16,47,6,8,18,15755,25256,0,778,21991,8,9,31,0,2203,459,293,0.5217391304347826,0.16259544065638742,13,31,2,3
ElfUnnir,False,TOP,Jayce,186,160,120,167,18,299,10,8,7,22370,40527,0,1180,27593,9,4,34,0,2203,272,218,0.34,0.2517790215943331,13,25,0,2
Uxbridge,False,JUNGLE,Warwick,112,18,80,14,17,35,11,9,16,16504,30303,0,30857,56821,5,2,12,0,2203,346,306,0.54,0.18826142237688692,47,60,2,0
waiheke troll,False,MIDDLE,Leblanc,71,76,35,23,16,93,9,11,12,15953,22050,0,1804,31142,13,1,23,0,2203,25,428,0.42,0.1369864130675151,34,69,1,0
Whomst,False,BOTTOM,Vayne,104,0,20,10,17,187,5,13,14,17526,40104,0,3277,35323,12,2,24,0,2203,53,452,0.38,0.2491487001260619,22,35,1,2
Big Maxi,False,UTILITY,Rell,146,81,52,13,16,44,11,9,23,15743,27979,0,3601,38409,16,2,39,0,2203,173,296,0.68,0.17382444283520299,51,62,0,2
Cave4life,False,TOP,Garen,97,21,77,9,18,236,9,11,2,19074,32821,0,2097,41919,13,2,21,0,2126,240,307,0.275,0.2784779930558415,99,62,3,1
Vickers,False,JUNGLE,Zac,59,181,80,9,17,41,5,7,14,16707,19325,0,42015,38738,7,4,20,0,2126,523,259,0.475,0.16397379226822678,55,66,1,0
Colemagoo,False,MIDDLE,Vex,145,37,70,37,18,220,11,6,6,18367,27207,0,2287,19227,15,1,27,0,2126,676,278,0.425,0.2308485980332079,29,37,2,2
Ausfreak,False,BOTTOM,MissFortune,90,67,32,6,14,155,6,8,8,12992,24001,0,1328,19863,7,2,14,0,2126,173,298,0.35,0.20364774515116021,25,19,1,2
Donny Kim,False,UTILITY,Lux,65,23,170,10,16,92,3,9,11,14898,14502,1280,430,15544,27,6,58,0,2126,353,226,0.35,0.12305187149156362,35,30,1,1
NoTwitch,True,TOP,Kled,126,0,71,9,17,212,13,10,8,18280,31327,0,4198,50144,11,2,20,0,2126,72,388,0.6176470588235294,0.2956973529707923,50,123,8,3
BamboonOnAcid,True,JUNGLE,Trundle,220,131,23,11,18,57,6,2,11,20341,21641,0,18708,40635,11,8,47,0,2126,889,46,0.5,0.20427584206218466,48,98,3,2
Pokiee,True,MIDDLE,Zed,134,145,132,17,18,247,13,8,5,18960,27640,0,3364,27396,5,2,18,0,2126,310,274,0.5294117647058824,0.26089984163684476,49,74,5,3
Refails,True,BOTTOM,Caitlyn,39,45,17,7,15,208,8,9,5,14426,18158,0,4618,23614,9,4,18,0,2126,85,297,0.38235294117647056,0.1713939272333266,48,167,1,1
Feed Me Harder,True,UTILITY,Blitzcrank,16,38,28,16,14,47,1,5,13,12137,7175,644,2467,22707,23,11,83,0,2126,424,169,0.4117647058823529,0.06773303609685169,64,65,0,1
Porkchops,False,TOP,Kayle,53,39,76,6,16,206,2,8,1,14758,11732,0,3995,25595,9,1,15,0,1872,230,284,0.1,0.16869029485059436,26,58,0,0
SAIK,False,JUNGLE,Rengar,155,57,60,9,14,36,3,6,3,11568,8183,0,8782,22637,4,6,25,0,1872,201,164,0.2,0.11766423579858898,16,30,0,0
Steve lrwin,False,MIDDLE,Yasuo,257,16,112,6,15,227,5,5,6,14141,16575,0,1023,17035,8,2,21,0,1872,139,160,0.36666666666666664,0.23831848103420655,33,33,2,4
Kakarotssj,False,BOTTOM,Ezreal,305,37,23,9,14,184,7,6,10,12346,22664,0,2744,16090,11,1,18,0,1872,86,155,0.5666666666666667,0.32586604159579813,20,18,1,2
Dr W,False,UTILITY,Blitzcrank,41,37,40,13,13,40,4,5,10,11197,10395,549,1756,21545,25,4,48,0,1872,135,125,0.4666666666666667,0.14946094672081192,38,49,0,3
Husky4Lyfe,True,TOP,Urgot,43,516,21,8,17,258,10,1,8,18232,26511,0,4946,18744,9,2,23,0,1872,269,0,0.8571428571428571,0.3520896625299297,35,48,2,3
Vickers,True,JUNGLE,Volibear,72,120,63,7,15,28,9,6,10,13934,15199,0,9490,27855,3,4,33,0,1872,446,129,0.9047619047619048,0.20185572983396977,43,32,1,0
Ausfreak,True,MIDDLE,Ahri,72,124,38,38,15,162,6,2,11,14461,12104,0,3638,10663,8,3,17,0,1872,73,48,0.8095238095238095,0.1607594482127473,14,25,1,0
Chimm,True,BOTTOM,Lucian,55,29,35,9,14,162,3,1,8,12318,11953,0,1488,12527,9,4,22,0,1872,59,40,0.5238095238095238,0.15875042929929964,24,27,0,1
ViolentButter,True,UTILITY,Nautilus,41,34,31,10,14,32,2,11,16,11562,9528,1324,1765,22033,17,3,34,0,1872,321,169,0.8571428571428571,0.1265447301240536,58,69,0,1
Hânk,True,TOP,Teemo,49,27,0,60,17,216,5,3,3,17405,23388,0,3278,18978,13,3,40,0,1900,310,91,0.32,0.2943928791957161,10,21,4,1
SuKA MaYa,True,JUNGLE,Yone,277,215,29,4,15,37,1,4,3,13397,6045,0,5837,20770,9,2,21,0,1900,335,110,0.16,0.07609604860091017,5,21,0,0
Qaexaebe,True,MIDDLE,Tristana,49,43,43,9,17,203,16,5,4,18260,27826,0,919,22086,11,4,27,0,1900,96,168,0.8,0.3502514017141325,21,37,8,0
Ausfreak,True,BOTTOM,Jinx,40,34,12,5,13,121,1,5,3,10326,6108,0,1403,12507,10,1,17,0,1900,34,162,0.16,0.07688173004549022,14,48,0,1
Vickers,True,UTILITY,Taliyah,106,41,28,4,13,57,3,8,8,11086,16078,0,677,17861,30,9,66,0,1900,195,228,0.44,0.20237794044375101,21,82,0,1
Hêntai Champion,False,TOP,Camille,147,40,90,6,15,182,4,4,3,14248,15625,0,7083,28948,4,5,15,0,1900,175,135,0.2692307692307692,0.24391809919943216,16,22,1,1
LOLOLOLOLOLOL,False,JUNGLE,MasterYi,58,10,27,7,15,59,8,6,1,13843,11921,0,7122,25328,6,3,20,0,1900,179,222,0.34615384615384615,0.18609982569043146,21,21,5,0
Vénus,False,MIDDLE,Lux,42,24,170,14,14,138,8,5,4,12963,18357,1405,1151,12166,13,6,27,0,1900,265,105,0.46153846153846156,0.2865738336854385,15,9,4,0
Ravi xd,False,BOTTOM,Jhin,75,33,24,23,14,191,5,4,5,12307,14810,0,4545,17788,11,2,16,0,1900,168,114,0.38461538461538464,0.23120109262859867,56,73,0,1
Juna,False,UTILITY,Janna,98,25,47,6,12,24,0,7,12,9878,3344,4095,6649,16053,28,12,74,0,1900,221,220,0.46153846153846156,0.05220714879609927,38,82,0,0
CvmSlvttSam69,True,TOP,Akali,94,11,35,12,13,160,6,2,1,11209,10755,0,776,15067,4,0,5,0,1420,46,81,0.3333333333333333,0.1416927552848589,8,10,3,0
Vickers,True,UTILITY,Annie,70,52,50,50,13,45,9,6,14,10362,20869,705,1298,11584,14,0,28,0,1420,76,129,1.0952380952380953,0.2749351397541139,35,53,3,4
Qaexaebe,True,MIDDLE,Akshan,81,11,80,5,12,104,6,8,9,9865,14940,0,164,15811,7,1,16,0,1420,33,220,0.7142857142857143,0.19683088580196803,38,38,1,1
Ausfreak,True,BOTTOM,Caitlyn,30,33,11,6,13,133,7,3,13,10352,11838,0,2378,8791,7,1,11,0,1420,32,46,0.9523809523809523,0.1559566702938144,18,33,0,1
phraizer,True,JUNGLE,LeeSin,165,151,119,8,15,36,15,2,11,13283,17502,1953,9961,23704,14,2,29,0,1420,427,37,1.2380952380952381,0.23058454886524482,54,63,2,3
Nathan23,False,TOP,Gangplank,65,16,71,6,11,101,2,9,2,8352,8043,0,2927,18115,7,0,10,0,1420,162,226,0.09302325581395349,0.1653618533644831,28,317,0,0
jagiya wae,False,JUNGLE,Rengar,98,62,52,6,11,10,4,9,7,7843,9739,0,7916,24497,4,2,15,0,1420,137,213,0.2558139534883721,0.2002370494513753,13,47,0,0
manutd88,False,MIDDLE,Azir,69,140,11,6,13,155,7,4,4,10677,14486,0,2034,15190,5,2,9,0,1420,145,108,0.2558139534883721,0.29781820083279004,16,42,1,1
west virginia,False,BOTTOM,Aphelios,46,47,0,4,12,114,3,10,3,9665,7116,0,1894,16699,5,1,10,0,1420,97,274,0.13953488372093023,0.14630868574297956,21,47,3,0
Vegemitee Toast,False,UTILITY,Renata,29,12,32,6,10,5,4,11,1,6467,9255,1256,319,22440,6,2,18,0,1420,176,269,0.11627906976744186,0.19027421060837202,20,28,2,0
cxqwaaah,False,TOP,Aatrox,179,36,46,15,18,187,11,10,8,19227,24441,0,14182,53053,9,2,18,0,2134,454,375,0.38,0.17709325853649638,90,34,5,3
nzwxxiw,False,JUNGLE,Graves,98,31,49,11,18,79,7,11,7,18831,20062,0,5959,34426,9,2,30,0,2134,567,341,0.28,0.1453614064734116,50,32,1,1
Vamosq,False,MIDDLE,Kassadin,61,84,56,126,16,124,5,12,4,16320,11729,0,4143,34556,11,1,24,0,2134,123,303,0.18,0.08498572454758763,51,23,0,1
Batkins,False,BOTTOM,Lucian,80,55,54,22,18,236,12,7,11,19810,24573,0,2144,23912,13,3,33,0,2134,27,290,0.46,0.17804655211138556,47,31,5,1
DKboss21,False,UTILITY,Senna,84,34,13,9,17,64,19,10,18,17623,57209,1802,12719,30137,13,2,33,0,2134,271,273,0.74,0.41451305833111884,58,31,7,2
xi gua xiao zi,True,TOP,Vayne,103,0,14,13,17,144,11,13,8,16577,29029,0,1463,32533,6,2,14,0,2134,67,423,0.35185185185185186,0.21664172490332706,29,40,0,1
NBG  Macca,True,JUNGLE,Garen,99,27,67,10,17,103,8,15,17,17011,18271,0,7793,50155,1,4,16,0,2134,268,436,0.46296296296296297,0.13635582082366215,27,56,0,4
El Grubbo,True,MIDDLE,Malzahar,122,87,88,13,18,200,15,9,13,19124,39903,0,416,26553,11,0,19,0,2134,727,332,0.5185185185185185,0.29778616503879884,18,34,3,6
Qaexaebe,True,BOTTOM,Sivir,142,109,22,14,18,253,12,8,16,19495,36316,0,3662,30583,9,1,20,0,2134,90,257,0.5185185185185185,0.2710196688377393,31,35,2,2
Ausfreak,True,UTILITY,Nami,35,77,107,11,16,12,4,9,32,16028,10478,0,15127,20522,23,5,57,0,2134,241,219,0.6666666666666666,0.07819662039647263,12,31,2,2
md5793,True,TOP,Tryndamere,30,15,165,13,18,206,12,11,16,23941,34201,0,9945,43775,11,4,22,0,2488,105,481,0.4375,0.20841956543851264,43,33,6,3
UnstableGoat,True,MIDDLE,TwistedFate,131,251,0,16,18,212,11,15,17,22865,29008,0,4712,39488,10,1,9,0,2488,422,457,0.4375,0.17677657933920615,47,57,0,3
BennyBoy,True,BOTTOM,Zeri,1007,55,50,13,18,269,20,6,20,23976,58289,0,6904,31183,11,2,28,0,2488,208,182,0.625,0.3552107718121452,25,57,1,5
holy mistake,True,JUNGLE,MasterYi,68,14,42,14,18,52,7,17,13,20182,19153,0,6140,44233,2,0,14,0,2488,199,542,0.3125,0.11671678148397926,41,54,1,0
justbleed,True,UTILITY,JarvanIV,100,60,134,24,18,45,7,15,31,19425,23445,3758,3913,41431,53,12,116,0,2488,269,525,0.59375,0.1428763019261567,46,63,1,4
Gatordad,False,TOP,Urgot,35,97,28,13,18,181,9,12,13,19875,23876,0,3274,39978,15,8,55,0,2488,493,447,0.38596491228070173,0.15608404544676158,184,279,1,0
Angus,False,JUNGLE,Shaco,57,62,72,92,18,96,27,10,9,22705,39508,0,12663,40335,6,9,36,0,2488,679,382,0.631578947368421,0.2582778318207514,124,280,7,0
WhiteSakura,False,MIDDLE,Ahri,132,111,59,67,18,206,16,8,19,21774,45103,0,11643,38381,13,3,26,0,2488,144,342,0.6140350877192983,0.2948560469337818,121,291,7,5
Qaexaebe,False,BOTTOM,Caitlyn,65,40,21,8,18,216,10,15,14,19624,31657,0,4340,36533,13,1,28,0,2488,117,534,0.42105263157894735,0.20695279241977196,146,339,2,0
Ausfreak,False,UTILITY,Blitzcrank,32,57,26,16,16,33,2,12,17,15635,12823,0,1305,32140,24,12,77,0,2488,245,391,0.3333333333333333,0.08382928337893321,243,525,0,0
Ketalar,False,TOP,Fiora,75,10,26,4,10,92,3,5,0,7295,8194,0,1251,12486,5,1,11,0,1036,43,121,0.16666666666666666,0.29384771832714757,20,88,2,0
Uzł,False,JUNGLE,Amumu,29,60,60,3,9,7,2,4,1,5557,4660,0,2679,13044,3,1,7,0,1036,169,106,0.16666666666666666,0.1671382296688364,23,73,0,0
koreangilr,False,MIDDLE,Veigar,75,20,16,4,10,97,2,5,0,6872,4380,0,226,9880,3,0,5,0,1036,29,99,0.1111111111111111,0.1570887307215436,40,139,1,0
pca,False,BOTTOM,Ezreal,104,13,13,5,9,79,1,1,2,5391,6897,0,284,6078,6,0,7,0,1036,0,10,0.16666666666666666,0.2473525036946507,19,56,0,0
Rywyjiju,False,UTILITY,Senna,25,20,7,3,8,9,0,3,4,4969,3752,186,3910,5331,10,2,18,0,1036,71,30,0.2222222222222222,0.13457281758782172,18,44,0,0
Rocky12Noob,True,TOP,Sett,50,21,26,4,12,90,6,1,3,9119,8783,0,1692,10837,3,1,7,0,1036,92,8,1.125,0.24400462939663609,12,16,4,5
Liam134590,True,JUNGLE,Ekko,73,24,47,1,10,14,3,1,2,6779,5935,0,5598,13484,1,0,8,0,1036,232,30,0.625,0.16489062129375406,12,13,0,1
DebaucherySeraph,True,MIDDLE,Ashe,12,73,13,8,11,117,2,2,6,8089,6594,0,0,3966,6,1,18,0,1036,431,57,1,0.18319164065034346,9,8,1,3
Qaexaebe,True,BOTTOM,Caitlyn,32,20,18,4,10,122,7,4,3,6211,11424,0,2082,10025,5,3,11,0,1036,51,57,1.25,0.3173910763358031,22,24,1,7
Ausfreak,True,UTILITY,Blitzcrank,12,16,11,4,9,25,0,0,9,5310,3258,277,438,5465,10,1,15,0,1036,44,0,1.125,0.09052203232346329,25,27,0,6
wham,True,TOP,Renekton,35,16,28,2,11,123,2,1,3,8281,3777,0,1221,8288,5,1,8,0,990,17,14,1.25,0.12432809601817839,23,3,1,2
Kebab Box,True,JUNGLE,Mordekaiser,96,16,38,3,11,25,3,0,5,8397,6874,0,5822,13883,1,2,7,0,990,166,0,2,0.2262436676958351,4,5,1,3
Ausfreak,True,UTILITY,Blitzcrank,11,21,12,4,9,19,0,2,9,5643,3259,0,164,5951,5,1,10,0,990,59,51,2.25,0.10726459260970585,15,27,0,2
Gallade,True,MIDDLE,Vex,37,15,26,11,11,101,5,1,0,7544,7034,0,304,4646,6,2,16,0,990,236,12,1.25,0.23152734613188092,2,0,1,1
Qaexaebe,True,BOTTOM,Jhin,57,27,18,12,10,121,11,0,2,6941,9438,0,1378,5560,6,0,7,0,990,59,0,3.25,0.31063629754439975,5,25,3,3
pingabruh,False,TOP,Vayne,42,0,7,1,10,115,1,4,0,6919,6343,0,399,6175,5,1,10,0,990,10,68,0.047619047619047616,0.2907142726080261,0,0,0,0
Antismurf,False,JUNGLE,Zac,26,73,23,3,9,10,2,1,1,5292,4093,0,11048,12249,3,1,10,0,990,254,27,0.14285714285714285,0.1876012146881404,5,4,0,0
earl tshirt,False,MIDDLE,Vladimir,145,4,27,3,10,120,0,3,1,6889,3245,0,5090,8401,2,0,8,0,990,38,69,0.047619047619047616,0.14873808617026846,23,6,0,0
Nezukó,False,BOTTOM,MissFortune,41,17,10,1,9,118,1,7,0,5204,3971,0,0,8199,3,0,4,0,990,47,126,0.047619047619047616,0.18202308990491312,5,14,1,1
Cat Go Brr,False,UTILITY,Zyra,25,29,17,3,8,14,0,6,1,4242,4166,0,0,5584,7,2,15,0,990,122,86,0.047619047619047616,0.1909233366286519,7,7,0,1
Homerphobic,True,TOP,Darius,83,76,26,6,15,140,11,5,5,14268,18867,0,9374,33033,9,1,16,0,1810,196,123,0.7619047619047619,0.23231881731627946,71,61,3,2
Lost Desires,True,JUNGLE,Diana,93,53,47,9,16,57,13,5,5,15664,22051,0,8171,28119,2,0,32,0,1810,179,183,0.8571428571428571,0.2715230070379466,52,50,4,4
H S N ,True,MIDDLE,Yasuo,221,26,131,8,16,198,3,4,6,14851,14277,0,890,16535,9,0,16,0,1810,98,143,0.42857142857142855,0.1758048847755716,51,74,0,0
Kougami Shinya,True,BOTTOM,Zeri,750,49,43,9,15,190,4,1,8,14011,19600,0,4410,23637,10,3,30,0,1810,95,47,0.5714285714285714,0.24134416962094418,37,82,0,5
fingerer,True,UTILITY,Soraka,84,39,34,8,14,11,1,6,16,11992,6416,1723,31831,17670,20,3,50,0,1810,157,178,0.8095238095238095,0.07900912124925821,49,42,1,1
TOPINS10EZ,False,TOP,Garen,93,16,72,9,16,235,4,9,3,16107,23652,0,3012,33421,7,1,19,0,1810,271,266,0.21875,0.2660590558056555,128,161,3,4
Qaexaebe,False,JUNGLE,Khazix,181,93,45,25,15,56,12,9,1,13068,25807,0,10697,30305,6,1,17,0,1810,347,261,0.40625,0.2903009627471718,66,87,2,3
Ausfreak,False,MIDDLE,Ahri,84,119,33,31,14,156,3,7,6,12315,21359,0,2304,17963,8,1,18,0,1810,63,218,0.28125,0.24027221871750024,46,154,1,4
Sushi Lover,False,BOTTOM,Jinx,109,26,17,11,14,175,2,3,4,11960,12025,0,2225,16577,7,1,12,0,1810,45,93,0.1875,0.13527673897122766,111,187,0,0
NTVZ vMystique,False,UTILITY,Lulu,62,67,90,9,13,15,0,4,9,11423,6053,3539,364,12299,28,2,47,0,1810,387,113,0.28125,0.06809102375844481,63,196,0,0
Darc114,True,TOP,Yorick,140,20,49,4,16,210,4,1,1,14702,21296,0,5815,20184,7,0,16,0,1598,197,30,0.2631578947368421,0.2561099033553739,34,10,2,3
Qaexaebe,True,JUNGLE,Kayn,121,77,57,18,15,41,13,8,11,13740,20437,0,7958,24642,6,4,16,0,1598,235,223,1.263157894736842,0.24578430820337543,19,14,1,0
Ausfreak,True,MIDDLE,Ahri,83,95,25,37,14,143,10,5,9,12819,15992,0,3912,14096,11,2,21,0,1598,57,141,1,0.19233098934713871,27,9,2,0
Søy Sauce,True,BOTTOM,Ezreal,215,31,17,11,14,151,6,2,15,11781,17931,0,2437,8518,12,1,20,0,1598,0,40,1.105263157894737,0.21564789650300886,8,12,1,3
Spring Røll,True,UTILITY,Lux,33,35,74,7,13,16,1,3,19,10001,7494,841,759,6981,19,4,45,0,1598,151,63,1.0526315789473684,0.09012690259110309,14,2,1,3
bream,False,TOP,Ornn,74,53,21,12,14,169,2,4,2,11640,12747,0,1904,28888,7,2,15,0,1598,559,114,0.11764705882352941,0.23932734043732873,37,19,0,4
Sushi Lover,False,JUNGLE,Vi,71,0,70,9,13,9,4,7,4,10304,6337,0,4131,21233,8,0,18,0,1598,218,239,0.23529411764705882,0.11899175762280179,41,49,1,0
NTVZ vMystique,False,MIDDLE,Malzahar,62,80,67,7,15,188,2,6,7,13028,14549,0,4,13646,15,6,32,0,1598,240,171,0.2647058823529412,0.2731695389502304,44,52,0,0
jinan05,False,BOTTOM,Kaisa,53,21,45,5,12,166,6,9,3,9665,11073,0,1398,16424,8,4,22,0,1598,4,237,0.2647058823529412,0.20790552340334653,43,67,0,1
Gitriella,False,UTILITY,Nautilus,33,29,22,8,12,43,5,8,9,8808,8554,714,430,18628,11,6,32,0,1598,293,208,0.4117647058823529,0.1606058395862926,108,94,0,1
Awolotl,True,Invalid,Kled,86,0,42,6,18,50,9,6,25,20446,21380,0,5694,42993,0,0,0,0,1201,31,144,0.8292682926829268,0.206944581133325,87,110,0,0
Ojjin,True,Invalid,Pantheon,57,23,16,4,17,22,8,12,17,16732,16531,0,2645,27127,0,0,0,0,1201,21,260,0.6097560975609756,0.16001155130791,72,116,0,0
Your Lin Brother,True,Invalid,Ahri,68,59,31,19,18,63,9,5,25,19107,23793,0,4662,17480,0,0,0,0,1201,49,146,0.8292682926829268,0.2303000046920572,39,63,0,0
Rainbow Fish,True,Invalid,Taric,85,43,30,7,18,17,1,10,42,18875,4265,6344,15762,33345,0,0,0,0,1201,84,236,1.048780487804878,0.04128528263481734,111,90,0,0
jcuuub,True,Invalid,MissFortune,38,53,42,12,18,100,22,8,20,20940,37344,0,2144,19713,0,0,0,0,1201,309,220,1.024390243902439,0.3614585802318905,34,58,0,0
Clakey,False,Invalid,Orianna,111,70,67,7,18,55,4,8,28,18741,23788,3037,1282,15480,0,0,0,0,1201,405,160,0.6530612244897959,0.19218083579054573,43,337,0,0
Cyclops12,False,Invalid,Pyke,64,33,23,18,16,17,13,12,9,15963,13024,0,3875,21853,0,0,0,0,1201,161,264,0.4489795918367347,0.10522254989437363,62,622,0,0
MVPete,False,Invalid,Neeko,54,37,49,10,17,40,7,9,19,16692,25868,0,2127,19501,0,0,0,0,1201,124,206,0.5306122448979592,0.2089866499293911,76,490,1,0
Frommoh,False,Invalid,Zyra,113,105,64,17,18,80,11,8,22,20006,44327,0,3080,20804,0,0,0,0,1201,381,200,0.673469387755102,0.358113329506671,54,494,0,0
Ausfreak,False,Invalid,Volibear,38,33,24,7,17,19,6,12,21,16831,16771,0,3892,32813,0,0,0,0,1201,566,228,0.5510204081632653,0.13549663487901853,109,426,0,0
Easy Going,True,Invalid,Maokai,58,24,52,6,15,15,1,7,28,13587,12430,0,4667,20847,0,0,0,0,877,391,144,0.9354838709677419,0.14842802352394416,108,194,0,0
YEAONAIWOHE,True,Invalid,Irelia,112,23,48,5,14,75,9,7,17,12891,15200,0,4187,21353,0,0,0,0,877,90,150,0.8387096774193549,0.1815065760082673,101,200,0,0
MVPete,True,Invalid,Varus,68,31,43,10,15,22,11,4,25,14416,22776,0,4492,12321,0,0,0,0,877,210,74,1.1612903225806452,0.2719677585432789,40,121,1,0
Frommoh,True,Invalid,Corki,45,13,27,84,15,39,6,5,24,13594,17110,0,3707,12627,0,0,0,0,877,30,124,0.967741935483871,0.20430999605309838,44,115,1,0
Ausfreak,True,Invalid,MasterYi,25,7,18,6,14,10,16,8,13,12831,16229,0,2030,14874,0,0,0,0,877,28,172,0.9354838709677419,0.19378764587141123,46,219,1,0
NiiÑa,False,Invalid,Ziggs,67,34,31,6,14,28,2,6,9,12030,14229,0,1233,11148,0,0,0,0,877,205,136,0.2558139534883721,0.20681662074508356,17,132,0,0
Your Lin Brother,False,Invalid,Heimerdinger,47,39,27,7,14,35,4,8,15,12542,14077,0,1661,14700,0,0,0,0,877,102,162,0.4418604651162791,0.20460470332428016,30,169,0,0
Rainbow Fish,False,Invalid,Orianna,97,58,50,7,14,57,15,8,13,12878,20986,2090,1107,15198,0,0,0,0,877,220,150,0.6511627906976745,0.3050182487941983,39,237,0,0
Coiki Chirac,False,Invalid,Singed,30,21,21,5,14,18,3,12,20,11756,12460,0,748,24429,0,0,0,0,877,420,250,0.5348837209302325,0.18109634244334313,57,415,0,0
jcuuub,False,Invalid,Rakan,24,33,56,7,14,12,7,9,15,11992,7049,1710,2663,22731,0,0,0,0,877,118,198,0.5116279069767442,0.10246408469309486,65,264,0,0
Weeweck,False,TOP,Darius,43,28,13,1,12,119,1,4,1,9414,6075,0,1441,13322,7,1,12,0,1293,76,95,0.08,0.14856149158637957,16,40,1,0
kingjaf,False,JUNGLE,Jax,44,95,49,3,12,18,3,3,3,8760,5493,0,4394,16683,7,1,16,0,1293,313,80,0.24,0.13434666162998798,24,170,1,0
SachyBoi,False,MIDDLE,Kaisa,35,27,73,3,12,126,2,1,1,8642,5068,0,1423,8667,6,0,9,0,1293,10,39,0.12,0.12394276226060248,35,21,1,0
braydenbox,False,BOTTOM,Caitlyn,45,9,18,4,10,111,5,6,2,6864,13164,0,686,10419,5,1,8,0,1293,42,169,0.28,0.32193843288373897,19,53,0,1
Scanino,False,UTILITY,Renata,44,15,41,6,9,15,2,11,6,5557,11090,804,144,19945,20,8,46,0,1293,171,227,0.32,0.271210651639291,37,53,0,2
cOo,True,TOP,Garen,46,11,41,2,13,140,3,1,0,10620,7003,0,149,8064,2,1,4,0,1293,104,21,0.23076923076923078,0.14051137433782057,4,0,1,5
Hardisss,True,JUNGLE,Viego,101,51,25,5,11,18,6,2,4,8320,7385,0,7769,13555,7,0,15,0,1293,121,31,0.7692307692307693,0.1481802112655186,11,8,0,4
Ausfreak,True,MIDDLE,Orianna,106,64,32,6,13,144,1,3,8,10239,9344,448,0,8999,6,1,16,0,1293,265,110,0.6923076923076923,0.18749662190212443,15,8,0,2
Frommoh,True,BOTTOM,MissFortune,58,22,25,5,12,116,4,4,12,9278,16175,0,591,13007,8,0,13,0,1293,121,78,1.2307692307692308,0.32455125364965604,48,33,1,1
MVPete,True,UTILITY,Pyke,43,38,31,10,11,45,11,3,9,8421,9931,0,2713,11727,22,7,42,0,1293,96,68,1.5384615384615385,0.19926053884488035,50,36,2,1
Frommoh,False,TOP,Tryndamere,16,28,77,6,15,211,4,4,8,14657,17274,0,7575,29941,8,2,20,0,1749,52,150,0.4444444444444444,0.21274397621917046,16,20,0,4
Sniffer101,False,JUNGLE,Warwick,103,10,27,9,14,34,6,8,12,12733,15762,0,18735,37048,4,2,26,0,1749,130,263,0.6666666666666666,0.19411655213378395,17,44,0,4
Ausfreak,False,MIDDLE,Ahri,81,116,45,42,15,139,10,6,16,13104,26896,0,4634,18588,8,1,20,0,1749,81,104,0.9629629629629629,0.33124457994153794,13,62,2,2
haoyunxiaozi,False,BOTTOM,Kalista,39,0,131,1,13,145,5,5,9,11101,10916,0,2455,18092,8,0,13,0,1749,193,144,0.5185185185185185,0.1344398435763927,9,23,0,4
SY water God CN,False,UTILITY,Blitzcrank,25,25,27,16,12,15,5,4,11,9247,10349,0,2879,14213,11,0,23,0,1749,93,81,0.5925925925925926,0.1274550481291149,13,37,0,6
VirkyF7,True,TOP,Nasus,224,29,36,7,17,217,7,5,3,16752,18019,0,2482,26678,8,0,12,0,1749,623,212,0.3333333333333333,0.20304424758973066,25,29,4,2
CetiWapp,True,JUNGLE,Udyr,87,72,132,103,14,6,5,6,7,12256,7156,0,8408,22578,3,2,12,0,1749,397,153,0.4,0.08063718168390417,28,15,2,0
LittleBlakeyC,True,MIDDLE,Irelia,245,26,62,8,15,211,7,6,9,14386,21234,0,7209,28938,8,0,14,0,1749,68,155,0.5333333333333333,0.23927101112945467,52,37,1,0
killroomfloorboy,True,BOTTOM,Jinx,68,43,12,9,13,142,4,7,5,10673,13491,0,1555,15081,6,2,12,0,1749,78,190,0.3,0.15202514386743704,23,24,0,5
Sairgeo,True,UTILITY,Brand,37,65,36,9,14,43,4,6,10,11464,28844,0,865,10618,24,5,59,0,1749,32,156,0.4666666666666667,0.32502241572947344,20,19,1,5
006spykiller2,True,Invalid,Singed,21,18,20,6,16,39,3,13,29,15649,17760,0,2571,22265,0,0,0,0,948,213,252,0.6274509803921569,0.20781290736242508,53,406,1,0
Netorare Chan,True,Invalid,Kayle,20,32,47,4,17,76,19,7,20,17747,31022,0,6642,22168,0,0,0,0,948,28,166,0.7647058823529411,0.36299440657681553,30,378,0,0
bzkgdeathinabox1,True,Invalid,MasterYi,21,7,16,5,15,25,6,10,12,14432,11587,0,1771,17818,0,0,0,0,948,5,190,0.35294117647058826,0.13557987064226187,39,254,0,0
HeavyDirtyShrek,True,Invalid,Pyke,44,27,21,12,15,4,10,9,14,14628,12848,0,5129,19038,0,0,0,0,948,79,178,0.47058823529411764,0.15033962256734357,51,254,0,0
MemePlank,True,Invalid,Skarner,55,44,30,9,15,13,5,12,26,13489,12244,0,1814,24130,0,0,0,0,948,168,262,0.6078431372549019,0.14327319285115395,74,481,0,0
Squidgeey,False,Invalid,Soraka,59,65,32,6,16,16,4,7,38,14981,6042,1473,16216,14818,0,0,0,0,948,211,188,0.9767441860465116,0.0621821595547761,9,25,0,0
esker,False,Invalid,Akali,93,14,25,12,15,28,8,9,24,14380,18780,0,1252,23692,0,0,0,0,948,30,192,0.7441860465116279,0.19326305944383995,15,30,0,0
Vickers,False,Invalid,Lucian,47,26,34,6,16,69,20,9,19,14710,28796,0,1105,19944,0,0,0,0,948,0,190,0.9069767441860465,0.2963259974073442,11,29,0,0
Frommoh,False,Invalid,Jayce,74,52,54,52,15,21,16,11,29,14382,24767,0,916,20716,0,0,0,0,948,60,232,1.0465116279069768,0.25486495029026374,21,29,1,0
Ausfreak,False,Invalid,Morgana,44,52,21,4,16,39,3,7,34,15210,18790,1170,2342,16608,0,0,0,0,948,73,156,0.8604651162790697,0.193363833303776,14,20,0,0
zCrayonz,True,Invalid,Mordekaiser,34,25,17,3,12,12,6,5,20,9365,11213,0,2677,15310,0,0,0,0,672,11,102,1.4444444444444444,0.18788925025934233,39,44,0,0
MaMaiPiYe,True,Invalid,Neeko,32,24,25,3,12,11,4,2,18,9537,13784,0,414,8282,0,0,0,0,672,68,22,1.2222222222222223,0.23096422615769924,19,17,0,0
Lunawine,True,Invalid,Jinx,32,21,10,4,12,28,8,4,15,9715,12951,0,312,9515,0,0,0,0,672,56,56,1.2777777777777777,0.2170078819341296,14,24,0,0
clefairie,True,Invalid,Soraka,41,46,17,4,13,2,4,2,28,10235,6662,680,14315,3721,0,0,0,0,672,184,42,1.7777777777777777,0.1116270037329966,11,23,0,0
forgotten,True,Invalid,Irelia,92,13,34,3,13,65,14,5,10,10726,15070,0,1965,19780,0,0,0,1,672,53,94,1.3333333333333333,0.25251163791583225,37,44,1,0
Vickers,False,Invalid,Caitlyn,26,28,10,4,11,37,5,7,9,8254,12110,0,693,9503,0,0,0,0,672,32,122,0.3888888888888889,0.24139113095899287,15,28,0,0
Frommoh,False,Invalid,LeeSin,48,46,25,4,11,13,4,9,13,7968,12214,802,2195,18192,0,0,0,0,672,39,180,0.4722222222222222,0.24346582611629955,46,74,1,0
Ausfreak,False,Invalid,Ryze,52,20,79,1,11,22,3,5,10,7930,11229,0,235,8307,0,0,0,0,672,16,96,0.3611111111111111,0.22383962220821763,14,56,0,0
Squidgeey,False,Invalid,Amumu,32,44,25,4,11,12,2,8,13,8275,5847,0,482,13873,0,0,0,0,672,35,124,0.4166666666666667,0.1165606477904374,38,95,0,0
esker,False,Invalid,Ornn,37,20,15,6,11,12,4,7,12,8357,8766,0,921,12782,0,0,0,0,672,427,98,0.4444444444444444,0.17474277292605256,39,69,0,0
Big Choge,False,BOTTOM,Ziggs,219,97,81,21,18,248,12,9,18,22945,57259,0,6273,35302,14,2,28,0,3068,456,361,0.5263157894736842,0.2509357281793629,25,39,1,1
IIIlIlIlllIllIII,False,JUNGLE,Aatrox,387,57,163,18,18,95,14,12,14,24573,40178,0,35954,86028,3,8,31,0,3068,434,479,0.49122807017543857,0.17607913437219458,60,55,5,2
Gaon06,False,MIDDLE,Yone,378,61,47,21,18,279,11,10,12,25535,42355,0,8696,45286,21,2,40,0,3068,220,410,0.40350877192982454,0.1856208304671154,73,65,2,1
StepKuya,False,TOP,Vladimir,571,23,161,17,18,296,9,13,16,27451,48486,0,52809,67018,17,1,27,0,3068,210,572,0.43859649122807015,0.21249062328815466,44,74,2,3
AmberRadiant,False,UTILITY,Senna,109,74,31,13,18,47,8,13,25,19451,39903,2758,23065,41032,44,15,103,0,3068,454,508,0.5789473684210527,0.17487368369317247,36,49,0,1
 ShawnG,True,TOP,Yorick,272,39,114,17,18,245,18,11,14,27539,68133,0,28774,87506,21,0,39,0,3068,313,548,0.5925925925925926,0.2883628543849618,74,215,6,2
Vickers,True,JUNGLE,Volibear,127,193,114,14,18,31,9,6,29,26458,33451,0,23608,65701,4,8,34,0,3068,664,269,0.7037037037037037,0.1415767734214085,75,272,1,0
Ausfreak,True,MIDDLE,Ahri,110,163,65,77,18,180,16,11,21,24580,47027,0,11496,42286,15,1,26,0,3068,115,509,0.6851851851851852,0.19903595010097852,24,80,3,0
Fruit on Ground,True,BOTTOM,Caitlyn,78,45,18,4,18,245,7,10,23,23283,35234,0,5883,33274,19,1,33,0,3068,116,428,0.5555555555555556,0.14912413251363704,32,120,0,1
Isabelle Light,True,UTILITY,Brand,76,96,69,23,18,77,7,16,19,20781,52430,0,4144,34662,48,7,100,0,3068,67,535,0.48148148148148145,0.22190028957901417,31,158,0,1
